tree
version=v4
num_class=1
num_tree_per_iteration=1
label_index=0
max_feature_idx=24
objective=binary sigmoid:1
feature_names=body_pct upper_wick_pct lower_wick_pct candle_range_pct atr_pct return abs_return return_lag1 return_lag2 return_lag3 dbs sma7_ratio sma7_to_21 sma12_slope rsi_14 vol_ratio vol_z ret_z whale_score fr_score oi_intensity delta_e smoothed_energy energy_lag1 energy_lag2
feature_infos=[-4.2190835873607764:3.5186201459876201] [0:2.1098761438152485] [0:5.7322223386712094] [9.1444088791782409e-06:9.36723995217511] [0.024414686735130947:2.6312887223222527] [-4.2190683622567278:3.5186201459876276] [0:4.2190683622567278] [-4.2190683622567278:3.5186201459876276] [-4.2190683622567278:3.5186201459876276] [-4.2190683622567278:3.5186201459876276] [0.93816809417971714:1.0459611278718985] [0.94588366407240421:1.0345965646003621] [0.97094817474636763:1.0358207602037421] [-2.0229146308942898:2.6633894560451155] [0:97.230330813579087] [0.080508933363721974:11.890128227690459] [-3.1878779185649657:71.372583315850022] [-25.286342063424282:20.110090542626466] [-2.5861787313735043:85.606260343753206] [-1525.2700868741965:1039.1577688320476] [0:1525.2700868741965] [-100:2933203.0928526041] [-76.960458279965621:733351.52907236479] [-76.960458279965621:733351.52907236479] [-76.960458279965621:733351.52907236479]
tree_sizes=6823 6971 6983 6989 6958 6953 6997 6997 6948 6970 6989 6980 6950 6995 7004 6965 6997 6994 6978 6990 6975 6974 6992 6990 6985 6965

Tree=0
num_leaves=63
num_cat=0
split_feature=12 0 8 16 3 18 3 13 15 24 24 2 5 9 2 12 7 18 3 6 20 7 8 7 24 3 7 20 3 3 20 13 21 8 8 17 20 9 9 20 18 17 7 7 3 6 21 6 12 17 2 13 8 11 24 15 18 11 8 24 8 7
split_gain=36.7853 28.5705 16.9231 15.6949 15.3448 15.9641 15.2801 14.0272 19.9973 16.6497 13.0683 11.4678 11.5367 10.4179 8.87142 8.8664 7.87438 7.86857 9.38693 8.01542 7.83365 7.63962 7.58496 8.91383 7.64815 7.49171 9.20253 10.7914 7.41228 8.62083 7.32072 7.28747 7.28303 7.25447 8.53433 8.28853 8.88314 6.84149 6.47232 6.26474 6.17598 10.0978 6.16975 7.0542 6.88442 6.67823 6.05962 10.2088 7.63288 6.30616 9.7182 6.96434 6.70731 6.37083 6.05888 7.86111 5.9153 5.90722 5.90698 9.92444 5.99374 7.02282
threshold=0.99905241151134716 -0.011558520143180302 -0.34125365509171107 -0.97180529192385812 0.30780270386955649 0.51735732275721558 0.36308341626790475 0.090924597310408251 0.35196302312167593 -26.628398617313525 2416.0987531790784 0.028433424930198407 -0.08043009172282177 -0.075370039300115529 0.01577695958960125 0.99414284587231549 -0.13490740089736605 2.506548250088219 0.53480074477609818 0.32308281371983832 0.61231140042875887 -0.039163930769292581 -0.054712467332412855 -0.30696923235313806 81.871139872264209 0.059179931381939492 -0.088073190979198732 0.031747188633470987 0.14677551998539379 0.27131100098708893 0.26186926792530274 0.10498259884077331 43.640217839831585 -0.046750967866593378 -0.13002916111081728 -0.010622559565711434 0.01329719198357549 0.058627394247423588 0.18280486450812375 0.61231140042875887 1.6508466656637613 0.71424555613346674 -0.16280655182910883 -0.057902736853027152 0.21710760244449792 0.062707531152850229 237.79137853761071 0.31698803919717472 0.99751107665463878 0.61516155747256396 0.14428945278206209 -0.28679684862779026 -0.057899034514186092 0.99654529498268341 15.409143274503242 1.7222998502314064 -0.71427774427932167 0.99892764547862367 0.058627394247423588 448.30029113693348 -0.26215847214302029 -0.017160427947654485
decision_type=2 2 2 2 2 2 2 2 2 2 2 2 2 2 2 2 2 2 2 2 2 2 2 2 2 2 2 2 2 2 2 2 2 2 2 2 2 2 2 2 2 2 2 2 2 2 2 2 2 2 2 2 2 2 2 2 2 2 2 2 2 2
left_child=3 6 -3 20 11 16 25 8 -4 -9 15 12 14 -8 57 17 -6 18 -7 -19 -1 -14 24 -24 32 -2 27 -27 -29 -30 -18 -25 -11 34 39 -35 -37 -26 58 -10 41 -36 -38 44 45 -44 49 -48 -49 51 52 -17 -51 -53 -15 -56 -28 -5 60 -60 -13 -62
right_child=1 2 7 4 5 10 13 9 33 22 -12 38 21 54 -16 46 30 19 -20 -21 -22 -23 23 31 37 26 56 28 29 -31 -32 -33 -34 35 40 36 42 -39 -40 -41 -42 -43 43 -45 -46 -47 47 48 -50 50 -52 53 -54 -55 55 -57 -58 -59 59 -61 61 -63
leaf_value=0.052148096291443874 0.041251909690636121 0.041655185098667807 0.044068148898877987 0.043532348914744702 0.055126945700449355 0.028721652265298457 0.044055158639732549 0.043022078570454564 0.035674313801510191 0.018040177746462403 0.050131425445530814 0.037630729249301657 0.0385226665730544 0.025927092243940832 0.052691424536506437 0.044155112251060655 0.046866874432274441 0.017309700342628867 0.04447755199066368 0.031703587585163839 0.036956477711487953 0.030129210731435201 0.036092032891583074 0.013762048065354877 0.037372824427935478 0.023414914541638084 0.039538327160009275 0.029657248161754784 0.044427129564569914 0.032823302378745665 0.033179906465913664 0.024328368153870544 0.031486594004723596 0.023177276779072352 0.021504228102703242 0.04265946712824769 0.038736939864867599 0.027147101916773372 0.038884293970610689 0.023327444302108036 0.014529112577101329 0.036265820900162567 0.02796530226545705 0.032165059244395354 0.033618200904396614 0.012549185319955362 0.026641906724891057 0.032157131908277896 0.046721682826485381 0.03172262361285088 0.054968951186376229 0.024202039566703082 0.046453332982686321 0.037204864516191892 0.040038844581043322 0.029643632180546633 0.030369489870369023 0.030253007966507758 0.030620032832376728 0.045478295442542817 0.030920579521408652 0.023520866791888237
leaf_weight=73.730350583791733 80.978418946266174 94.22488871216774 95.224622279405594 72.980550408363342 53.485745847225189 75.229950934648514 176.45297461748123 52.486012279987335 118.96829450130463 82.228085905313492 54.98534619808197 52.236078888177872 159.20757058262825 54.23554602265358 53.985612630844116 65.732482045888901 92.475354969501495 59.23421385884285 61.733547776937485 85.477219998836517 53.235812455415726 251.43299216032028 53.485745847225189 64.23288169503212 128.21582999825478 52.236078888177872 66.232348829507828 72.980550408363342 168.95497286319733 88.226487308740616 57.484680116176605 759.79751110076904 65.732482045888901 98.473756372928619 145.71116742491722 69.23154953122139 90.725821226835251 108.72102543711662 78.479085028171539 53.485745847225189 57.484680116176605 57.984546899795532 51.736212104558945 488.36984759569168 52.236078888177872 50.736478537321091 109.72075900435448 67.482015788555145 61.483614385128021 55.985079765319824 49.9866783618927 53.735679239034653 54.485479414463043 91.475621402263641 209.19424894452095 94.724755495786667 1338.1433797478676 50.736478537321091 197.44737952947617 50.736478537321091 216.69225069880486 249.9333918094635
leaf_count=295 324 377 381 292 214 301 706 210 476 329 220 209 637 217 216 263 370 237 247 342 213 1006 214 257 513 209 265 292 676 353 230 3040 263 394 583 277 363 435 314 214 230 232 207 1954 209 203 439 270 246 224 200 215 218 366 837 379 5354 203 790 203 867 1000
internal_value=0.0326742 0.0312073 0.0291699 0.0355116 0.0350039 0.0375851 0.0336142 0.0287399 0.0307992 0.0265024 0.0359417 0.0329311 0.0361489 0.038086 0.0425339 0.0350615 0.0452127 0.0306669 0.0358049 0.0257845 0.0458104 0.0333767 0.0258125 0.0242702 0.0293378 0.0323356 0.0319294 0.036052 0.0380626 0.0404597 0.041644 0.0234989 0.0239888 0.0298498 0.0266599 0.031388 0.0323996 0.0326676 0.0306954 0.0318592 0.02324 0.0257207 0.0314263 0.0303895 0.0248079 0.020291 0.0370954 0.0333513 0.039083 0.0394927 0.0439814 0.0360603 0.0389668 0.0324113 0.0351345 0.0367891 0.0308045 0.0380647 0.029853 0.0336494 0.0280315 0.0269496
internal_weight=7952.88 5241.85 2839.49 2711.03 2584.06 1150.19 2402.36 2745.27 1430.37 1314.9 946.748 1433.87 588.343 534.608 177.703 891.762 203.446 281.675 136.963 144.711 126.966 410.641 1262.41 877.516 384.897 1867.75 1786.77 382.398 330.162 257.181 149.96 824.03 147.961 1335.14 433.634 901.51 803.036 236.937 845.525 172.454 261.18 203.696 733.804 643.079 154.709 102.473 610.087 238.686 128.966 371.401 160.457 210.944 110.471 145.211 358.155 303.919 1404.38 123.717 767.046 248.184 518.862 466.626
internal_count=31820 20973 11361 10847 10339 4602 9612 10984 5723 5261 3788 5737 2354 2139 711 3568 814 1127 548 579 508 1643 5051 3511 1540 7473 7149 1530 1321 1029 600 3297 592 5342 1735 3607 3213 948 3383 690 1045 815 2936 2573 619 410 2441 955 516 1486 642 844 442 581 1433 1216 5619 495 3069 993 2076 1867
is_linear=0
shrinkage=1


Tree=1
num_leaves=63
num_cat=0
split_feature=5 13 15 7 17 0 24 8 6 18 7 9 3 24 6 19 8 15 21 7 18 18 15 18 8 3 3 1 22 13 24 24 24 15 9 7 13 22 9 8 13 21 20 15 13 13 18 3 18 24 2 3 13 17 13 7 7 18 8 24 15 19
split_gain=33.6138 25.3674 24.5816 20.0749 16.2917 13.24 13.786 12.234 10.8809 18.316 10.7664 10.4488 10.3496 10.1302 9.99868 9.49349 8.81235 13.8235 8.72964 8.6499 8.16156 7.86339 7.80736 9.78542 9.52655 10.8093 10.9799 10.7366 11.1551 8.50539 8.26413 8.00405 7.64233 7.60726 7.55645 7.52394 7.3928 7.35404 7.19705 15.9997 9.6298 8.26403 6.76187 6.6776 14.4487 10.5462 7.76226 6.77334 6.5269 6.48959 6.42669 11.5877 6.1822 7.83426 7.17497 6.17656 8.16485 9.42091 6.20044 6.17822 6.12317 6.11321
threshold=-0.12506340884643194 0.090924597310408251 0.34015962206258571 -0.18947644878950506 -0.5712252773972003 -0.017081120008416401 -26.628398617313525 -0.054712467332412855 0.11288494602099132 4.5558966899060627 -0.071751830672989167 -0.15662565017588445 0.045276788267969804 241.01508358943713 0.31698803919717472 0.89520191933762827 -0.32925398147755075 0.92745144822786851 -40.677904926639833 -0.30696923235313806 -0.31079632611736735 1.5324053867493364 0.59578384202999612 -0.10556378649450489 0.065107266551589507 0.26425320541941505 0.14144852108530792 0.072027107077400995 197.41074906611183 -0.13271406790818543 12.402127666711278 79.105744046059371 68.039332961424961 1.3197235019561468 0.26877924147338256 -0.11042865153049751 -0.22214753911419274 72.706625768929214 -0.041994420366620037 -0.088063636514540397 0.013747989003407374 147.56363628760548 0.04985447823636014 0.76064905312232922 0.31698720865519964 0.26358712433760451 -0.55303101897507323 0.14677551998539379 0.47761784895067544 115.30301150102908 0.047529875681429759 0.30326275076630438 0.041255571955475426 0.31791425408008395 0.011945711262351966 0.28467439795708543 0.14288667105570865 0.94545547027339205 0.1487445846033775 29.406347439607583 0.29470984270045164 0.0019102751113767734
decision_type=2 2 2 2 2 2 2 2 2 2 2 2 2 2 2 2 2 2 2 2 2 2 2 2 2 2 2 2 2 2 2 2 2 2 2 2 2 2 2 2 2 2 2 2 2 2 2 2 2 2 2 2 2 2 2 2 2 2 2 2 2 2
left_child=4 2 36 8 14 10 -7 20 13 -10 35 -12 -5 -4 15 34 17 -14 -6 -9 -8 -16 42 -24 25 26 38 -27 31 37 -26 -29 -22 48 55 -3 -2 -28 -25 -40 41 -41 -18 45 -45 46 -21 -48 -13 -31 -32 -52 54 -54 -44 56 57 59 -59 -1 -38 -42
right_child=1 5 3 12 18 6 7 19 9 -11 11 33 16 -15 21 -17 22 -19 -20 43 32 -23 23 24 30 27 29 28 -30 49 50 -33 -34 -35 -36 -37 60 -39 39 40 61 -43 52 44 -46 -47 47 -49 -50 -51 51 -53 53 -55 -56 -57 -58 58 -60 -61 -62 -63
leaf_value=0 0.019308797096104988 0.002208068448559091 0.0055657436689254972 0.0082809834168289746 0.022623839042414468 0.0094339732131170136 -0.009983328406181503 0.003474090450269749 0.014383553657870338 -0.0048965417991232484 0.0099816055544453101 -0.0029319025634121192 0.014294801893679899 -0.0064959108568397837 0.014695059530170149 -0.0097883454353616881 -0.0051942718123440144 -0.0032984697688991727 0.0078830054250106502 -0.006101722726909814 -0.0065099730471540659 0.0046038603325851786 -0.0085308997957385009 -0.0071965151029482147 -0.0096713072508666873 0.006328371011170464 -0.0089819299978133593 0.01049299143963469 -0.011646345343148378 -0.013840306966835346 -0.00071847159074067582 -0.0048978122418621289 0.0029838723612044316 0.0054434735882330837 -0.0064784151504478932 0.015975302573793121 0.0023208741306414626 0.0036081603228964019 -0.012571849969673889 0.0038243053916258746 -0.010480675127568851 0.017866014660351794 0.0017930463137221235 -0.0032011045031876632 -0.014425732133558087 -0.0045667454402414072 -0.026509942873559227 -0.014103335239189082 -0.012095796609264345 -0.0063342578605935116 0.01138667691159705 -0.0014948681077549284 0.014204628660086802 -0.0011303638666002249 -0.0077882964080021738 0.011161384340796842 -0.0051351402980920171 0.0024968756938629441 -0.0062905782522497729 0.011386914202528456 0.012772086755786265 0.0036297682953279425
leaf_weight=57.981232464313507 52.478576824069023 121.2068712413311 168.69144150614738 102.96961069107056 53.977924436330795 54.225209146738052 90.228769347071648 55.231977701187134 187.67342148721218 57.729973688721657 51.484948679804802 188.20150896906853 80.21846929192543 99.463825151324272 85.716076955199242 66.230485916137695 149.4553510248661 79.972023606300354 112.95879885554314 57.74160398542881 109.47942143678665 377.36568474769592 228.44208097457886 145.2145112156868 56.732943147420883 182.1973353177309 73.981639698147774 56.982255592942238 89.475117787718773 197.70440059900284 287.66860151290894 64.729937314987183 251.17717726528645 58.235678985714912 87.473188757896423 50.985351741313934 122.69939844310284 95.22640398144722 66.484274744987488 131.96742530167103 54.237864926457405 53.236960634589195 563.08506602048874 352.70074033737183 146.47801284492016 116.48257234692574 65.991164907813072 104.98468738794327 112.47275331616402 223.19630426168442 144.95823912322521 110.20973154902458 72.981290340423584 50.238059654831886 80.230370953679085 72.227621495723724 122.46463643014431 405.62930823862553 87.722825542092323 162.69981859624386 86.714814439415932 55.737328633666039
leaf_count=232 210 485 675 412 216 217 361 221 751 231 206 753 321 398 343 265 598 320 452 231 438 1510 914 581 227 729 296 228 358 791 1151 259 1005 233 350 204 491 381 266 528 217 213 2253 1411 586 466 264 420 450 893 580 441 292 201 321 289 490 1623 351 651 347 223
internal_value=2.65157e-05 -0.000987217 0.000314503 -0.000266289 0.00377788 -0.00378748 -0.00536433 -0.00596139 0.00527077 0.00983564 9.72796e-06 -0.0026268 -0.00108031 0.00107991 0.0028012 0.00119401 -0.00136539 0.0054964 0.012678 -0.00798376 -0.00191882 0.00648098 -0.00170632 -0.00263301 -0.00198653 -0.00327168 -0.004802 0.00098825 -0.00360544 -0.00758466 0.00120305 0.0022858 9.26385e-05 -0.00444609 0.00192808 0.0063088 0.00921795 -0.00188085 -0.00155565 0.000702327 0.00370552 0.00788424 0.0006359 -0.00873711 -0.00650308 -0.0119561 -0.0157027 -0.0189221 -0.00637268 -0.00986956 0.00234664 0.00581284 0.00177708 0.00793219 0.000592432 0.0027412 0.00200933 0.00323943 0.000927343 0.00839196 0.00666689 -0.0033052
internal_weight=7952.74 6260.29 4272.99 4011.09 1692.45 1987.31 1404.72 1350.5 513.559 245.403 582.587 410.395 3497.53 268.155 1525.51 1062.43 3394.56 160.19 166.937 899.611 450.885 463.082 3234.37 2318.38 2089.94 1490.37 1096.99 393.385 211.187 590.109 599.57 121.712 360.657 358.91 996.199 172.192 261.893 169.208 506.878 361.664 295.18 185.204 915.99 844.379 499.179 345.2 228.717 170.976 300.674 420.901 542.837 255.168 766.535 123.219 643.315 908.725 836.498 714.033 493.352 220.681 209.414 109.975
internal_count=31820 25048 17097 16049 6772 7951 5620 5403 2055 982 2331 1642 13994 1073 6104 4251 13582 641 668 3599 1804 1853 12941 9276 8362 5963 4389 1574 845 2361 2399 487 1443 1436 3986 689 1048 677 2028 1447 1181 741 3665 3378 1997 1381 915 684 1203 1684 2172 1021 3067 493 2574 3636 3347 2857 1974 883 838 440
is_linear=0
shrinkage=0.03


Tree=2
num_leaves=63
num_cat=0
split_feature=10 4 3 10 4 23 16 12 15 3 6 16 11 16 10 12 15 3 14 7 7 7 0 11 24 7 8 1 14 2 12 11 12 19 15 24 6 2 4 8 16 24 4 16 12 16 14 23 0 7 10 20 3 11 24 23 0 2 3 23 4 4
split_gain=38.8227 22.5903 18.972 21.2117 20.0234 15.5564 14.4125 14.3674 13.7829 12.6573 11.8248 13.8986 13.0934 11.4597 10.3933 12.3731 11.091 11.9993 10.2446 9.01484 14.4648 8.60077 10.6149 8.56236 10.391 8.60924 8.32146 13.4471 8.40557 9.68707 10.1662 7.89283 9.48491 16.5181 13.1497 7.88556 10.4623 7.81974 8.15693 7.80211 9.68005 8.20094 7.76515 7.66959 7.44373 10.9675 7.64669 7.39821 8.98496 7.27616 7.00252 10.9285 6.9292 6.9156 6.82529 6.73348 6.66431 6.35996 6.22551 6.21534 8.99017 9.22667
threshold=0.99863740101531462 0.096561286979283859 0.22592702974384427 1.0038780242611822 0.64768742558426595 1848.5111512334247 -1.0251300645537424 0.99958878564837506 0.39957360302347361 0.49169453258662538 0.1071854853545773 1.1210692502954447 0.99682095404193949 -0.71496263197724508 0.99503573719632199 1.0001735455701521 0.39957360302347361 0.31254763486014386 49.819210564757277 0.10327815389216123 0.019144070189713872 -0.0043754967151532478 0.011517619082852728 1.0051455055695311 553.22802726595921 0.28467439795708543 0.089980256929422811 1.3820000488948535e-05 68.772291036961178 0.03830749144961821 1.0010681584694592 1.0012974129307082 1.0023359739274713 -0.052064467229872992 0.58517541911445214 568.54005136704541 0.057754125804609931 0.0048437446763755047 0.27171283722398115 -0.075370039300115529 -0.070818737312724742 118.97514452060139 0.10920414447067915 -0.63850092760292088 1.0004745373452204 -0.71496263197724508 49.132173274355686 31.529284276603629 0.049153933679988639 -0.094157730042654361 1.0003887633952755 0.32256243375199384 0.36026874130072578 0.99941421679778908 93.898697722461961 -6.9877627459772276 -0.0055994265205264139 0.049897897843415653 0.11820729889785657 111.96131415016326 0.24112023873725916 0.31878409682548503
decision_type=2 2 2 2 2 2 2 2 2 2 2 2 2 2 2 2 2 2 2 2 2 2 2 2 2 2 2 2 2 2 2 2 2 2 2 2 2 2 2 2 2 2 2 2 2 2 2 2 2 2 2 2 2 2 2 2 2 2 2 2 2 2
left_child=10 13 6 4 19 9 7 -3 -9 23 14 12 52 -2 -1 16 -16 21 -17 20 54 22 -18 24 25 47 31 -28 29 30 58 32 34 -34 37 36 56 -8 44 -33 -41 -42 -36 -31 46 -46 -39 -5 -49 -11 51 -22 -12 -21 55 -4 -15 -52 -29 -13 -61 -62
right_child=1 2 3 5 -6 -7 26 8 -10 49 11 59 -14 35 15 18 17 -19 -20 53 50 -23 -24 -25 -26 -27 27 28 -30 43 -32 39 33 -35 42 -37 -38 38 -40 40 41 -43 -44 -45 45 -47 -48 48 -50 -51 57 -53 -54 -55 -56 -57 -58 -59 -60 60 61 -63
leaf_value=-0.0070364497278445071 0.018102890293191874 0.014441877152820243 0.0072039120266960939 -0.0024913378161389521 0.015821914489626113 0.0097100297406454844 0.0055160439267410832 0.006490170405144797 -0.011741750350843391 0.0086213204472139794 0.0056780820723201109 -0.0033588770024645526 0.0049709740738985795 0.016845603847390672 0.017294193745417935 -0.016287372051893189 0.0076829696786148002 0.012763079107670825 4.006833070085364e-05 -0.0047970808699075015 0.009788848072079465 -0.0048987722879585624 -0.0032712533251383108 -0.018347973535091541 0.0047178744066871435 0.001836523252870526 0.0092824268283038733 -0.016957036715247252 -0.011510776673200034 -0.00670173379316718 0.0046122440683497292 -0.00055412238484533853 0.011927507167359557 -0.0048542549954238611 0.001191541394334617 -0.0061298646983197315 -0.003111848895225157 -0.0017323444410669987 -0.013536466446066682 -0.017909168745624683 -0.013337395550947082 0.0019927640524166385 -0.0085998027868115362 0.0065213633552746774 0.0028709682406544042 -0.014967864648513856 0.011837680845685752 -0.0038869829099729947 -0.018958752633786834 -0.0029864715626824936 -0.0037554996703737156 -0.008715479414387205 0.01643065606757 0.0057051126685196112 0.0041226723416445954 -0.0034122913309079955 0.0047235012958024899 -0.014774546518391512 -0.0052532443700794053 -0.0045855753953447358 0.01500799695742408 0.002769510645629926
leaf_weight=135.94706696271896 58.227180227637291 74.708830133080482 65.981763333082199 61.236012265086174 88.20374470949173 67.481209576129913 113.2172097414732 83.471562251448631 67.233208864927292 60.731347426772118 79.713345006108284 178.18438541889191 619.71997205913067 74.972293108701706 50.219328880310059 53.732206791639328 209.18867549300194 88.709628090262413 95.718133941292763 63.976839601993561 53.732372552156448 161.46335634589195 127.96454691886902 69.487425431609154 58.485454276204109 52.484247043728828 92.224827975034714 58.733818635344505 89.236758261919022 51.983602970838547 68.734351515769958 68.735268503427505 83.230150729417801 143.71819454431534 80.231972798705101 60.232736527919769 77.482222273945808 116.46600112318993 60.730484366416931 125.47601914405823 65.989807814359665 59.239956691861153 741.35918761789799 161.19878643751144 55.485698625445366 69.484118044376373 54.734102353453636 50.484561339020729 125.72618591785431 240.93438096344471 92.477709114551544 61.482010558247566 174.39459525048733 457.60322338342667 462.33772951364517 286.40350034832954 91.723780244588852 98.223327964544296 138.96052208542824 93.466941922903061 76.718563243746758 202.66983740031719
leaf_count=544 233 299 264 245 353 270 453 334 269 243 319 713 2480 300 201 215 837 355 383 256 215 646 512 278 234 210 369 235 357 208 275 275 333 575 321 241 310 466 243 502 264 237 2966 645 222 278 219 202 503 964 370 246 698 1831 1850 1146 367 393 556 374 307 811
internal_value=2.5709e-05 -0.00133056 -0.00183198 4.44241e-05 0.00190276 -0.00403726 -0.00356679 0.00369008 -0.00162605 -0.00533182 0.00326459 0.00497831 0.00733168 0.00590785 0.000615407 0.00194174 0.00376586 0.00260126 -0.00581708 0.00115242 -0.00036157 0.000785145 0.00351673 -0.00871225 -0.0067772 -0.00910718 -0.00422264 -0.00132974 -0.00305684 -0.00147557 -0.00529281 -0.00526132 -0.00435555 0.00128955 -0.00534972 0.00356017 0.00596428 -0.00134009 -0.00352435 -0.00955533 -0.01201 -0.00606572 -0.00763996 0.00328127 -0.00145734 -0.0070276 0.00259297 -0.0115385 -0.0146623 -0.000637567 -0.00592492 -5.86209e-05 0.0130729 0.00441049 0.00172417 -0.00141449 0.0102003 -0.00945151 -0.00875235 0.00124029 0.00344655 0.00614503
internal_weight=7952.51 5604.7 5242.06 2517.47 1730.42 787.051 2724.58 225.414 150.705 719.57 2347.81 1424.87 873.828 362.638 922.943 786.996 637.546 587.326 149.45 1642.22 1120.64 498.617 337.153 417.904 348.416 289.931 2499.17 661.073 568.848 479.611 266.429 1838.1 1518.66 226.948 1291.71 304.411 244.178 470.118 356.9 319.441 250.706 125.23 821.591 213.182 296.17 124.97 171.2 237.447 176.211 301.666 305.915 115.214 254.108 521.58 814.723 352.385 166.696 190.701 197.694 551.04 372.855 279.388
internal_count=31820 22425 20974 10073 6924 3149 10901 902 603 2879 9395 5702 3497 1451 3693 3149 2551 2350 598 6571 4484 1995 1349 1672 1394 1160 9999 2645 2276 1919 1066 7354 6076 908 5168 1218 977 1881 1428 1278 1003 501 3287 853 1185 500 685 950 705 1207 1224 461 1017 2087 3260 1410 667 763 791 2205 1492 1118
is_linear=0
shrinkage=0.03


Tree=3
num_leaves=63
num_cat=0
split_feature=10 4 3 10 4 16 9 15 6 20 3 24 7 16 18 10 8 5 9 8 16 11 15 19 4 9 17 19 17 6 24 24 6 8 9 8 16 24 7 24 10 5 16 16 8 6 6 4 19 5 2 19 4 24 4 24 24 3 7 7 17 3
split_gain=36.5336 21.2593 17.8504 19.9585 18.8508 13.562 13.2762 12.729 12.6837 13.0246 12.2378 11.9936 10.9219 10.7901 10.1136 9.76628 7.82807 7.79264 7.68458 7.45842 7.66433 7.42605 8.87072 9.14794 10.8872 9.55093 7.42568 10.313 10.0436 8.24708 7.88444 12.9372 8.37444 12.2256 9.08638 7.33833 9.10438 7.71708 7.17491 7.14575 8.25438 7.04686 6.90817 6.84114 6.65013 6.54544 7.89518 7.12004 6.53427 6.75614 7.84711 6.17136 7.76735 6.51583 7.05278 9.36949 8.64802 7.34257 6.13713 8.07614 9.30591 6.11052
threshold=0.99863740101531462 0.096561286979283859 0.22592702974384427 1.0038780242611822 0.64768742558426595 -1.0251300645537424 0.080729534817858287 0.4233626409405869 0.1071854853545773 0.25327820253664785 0.48587102220233314 553.22802726595921 -0.13235134948644253 -0.71496263197724508 -0.58504965341386994 0.99289525827725555 0.089980256929422811 -0.092145015805994421 -0.041994420366620037 -0.025744705823965704 -0.29696430013450709 1.0012974129307082 0.58517541911445214 -0.060574082795849242 0.20866212547202476 0.058627394247423588 -0.87371965888515712 -0.12802040169908066 -0.41299136716697166 0.18228221710627771 -9.477105763194114 113.71382887487405 0.18654200519386824 -0.080394893278851173 -0.0029104598256446397 -0.075370039300115529 -0.070818737312724742 118.97514452060139 0.03241051204756485 568.54005136704541 1.0000388180646083 -0.18098191648651671 -0.57927369576277066 -0.57055886415082213 0.047581919686912062 0.32308281371983832 0.54982974836266252 0.51433298567202301 -0.016014177287877181 -0.054718193938751984 0.020009356374678329 -0.48821749006646975 0.10920414447067915 7.8691639270427034 0.22796405175478759 89.220307788145149 127.80644343101426 0.15492339841605687 -0.12506340884643194 0.065108417638848351 -0.13665672866856879 0.34867916148782269
decision_type=2 2 2 2 2 2 2 2 2 2 2 2 2 2 2 2 2 2 2 2 2 2 2 2 2 2 2 2 2 2 2 2 2 2 2 2 2 2 2 2 2 2 2 2 2 2 2 2 2 2 2 2 2 2 2 2 2 2 2 2 2 2
left_child=6 13 5 4 14 7 8 -3 19 12 11 17 -10 -2 -4 -8 21 -5 -15 20 42 22 23 43 38 -26 27 29 44 -16 -30 32 33 -32 -35 -23 -37 -38 -25 40 -20 -14 -1 -7 -28 47 -47 -11 -18 -50 -51 -24 -53 -54 55 57 -57 -55 -22 60 -60 -13
right_child=1 2 3 10 -6 16 15 -9 9 45 -12 61 41 18 26 -17 48 -19 39 -21 58 35 51 24 25 -27 28 -29 30 -31 31 -33 -34 34 -36 36 37 -39 -40 -41 -42 -43 -44 -45 -46 46 -48 -49 49 50 -52 52 53 54 -56 56 -58 -59 59 -61 -62 -63
leaf_value=-0.0031918370588995817 0.017568281925099592 0.0088481014436156604 0.012596398644361777 0.00055940926395132724 0.015354107077948594 0 -0.0027090394314503567 -0.0060526209302637045 0.019242527489309096 0.0015486513207229968 0.00037456983377670057 0.0085410545694598917 0.013917325528692244 -0.0064195767064238792 -0.0084469135531907436 0.0091724124604741063 -0.0047342079319024248 -0.01185423898512295 0.0155507855632771 0.0025667152116632327 -0.0003202560630716378 -0.00053751905144599609 0.0010704378158794849 -0.0049895518282507328 -0.017035953452672142 -0.0018613978096003703 0.0021226985277895435 -0.0098631444221903095 0.0089703559136277682 0.0057144955351051668 0.0025828846661959787 0.0027560170286430362 0.00066920590179837846 -0.0050180784715759914 -0.018681779249999812 -0.017369872617112744 -0.012936494898910357 0.0019331318216865791 0.0066816296975191255 -0.0043309730301618436 0.0030709779936190004 0.00071600464696006485 0.010201558144557867 0.011396506891084629 0.012839753284846713 0.0095889168290013149 -0.0011567937341880614 -0.0099592228913339218 0.0071519699345313362 -0.0096749706626796592 0.0018760346780253058 0.0027433436506912722 -0.0018021836617571612 -0.011697584792780314 -0.0022821217791959606 0.0024941501189849362 -0.0097448061423906288 -0.024484633357852174 -0.0037869300585106598 8.7682062564916225e-05 -0.019692716767313101 -0.0058538005151988108
leaf_weight=85.961832731962204 58.202480971813202 145.90714433789253 66.220619231462479 53.481083363294601 88.16796487569809 155.95004290342331 72.209888905286789 79.47724986076355 80.680200859904289 520.5027886480093 339.15118604898453 55.234228178858757 57.959445014595985 57.231440901756287 53.733891144394875 434.0221509039402 283.42692469060421 288.46672977507114 82.707967340946198 307.8703905493021 103.96961781382561 68.735781341791153 98.980719193816185 101.47088617086411 84.482473134994507 67.734452188014984 102.46328669786453 132.45328196883202 89.467044278979301 117.9552805274725 72.229342430830002 541.04400087893009 181.9437665194273 86.475784569978714 90.477858737111092 125.49340334534645 65.996755793690681 59.238444790244102 88.726112425327301 49.989571243524551 114.45466436445713 98.943548545241356 57.733235985040665 67.978583887219429 107.70286375284195 188.12825512886047 90.700279176235199 53.219877928495407 120.45870631933212 74.237780943512917 182.94577246904373 69.732868865132332 140.98113271594048 129.23729832470417 117.73093056678772 63.742707669734955 271.71992444992065 60.244757905602455 56.233994856476784 56.98229131102562 82.479634374380112 50.73359726369381
leaf_count=344 233 584 265 214 353 624 289 318 323 2083 1357 221 232 229 215 1737 1134 1154 331 1232 416 275 396 406 338 271 410 530 358 472 289 2165 728 346 362 502 264 237 355 200 458 396 231 272 431 753 363 213 482 297 732 279 564 517 471 255 1087 241 225 228 330 203
internal_value=2.49604e-05 -0.00129068 -0.00177708 4.30183e-05 0.00184575 -0.0034598 0.0031671 0.00358 0.00198175 0.00404907 -0.00391613 -0.007171 0.0102631 0.00573173 0.00111777 0.00747149 -0.00409597 -0.00990436 0.00345353 -0.00101434 -0.00350782 -0.00510336 -0.00422468 -0.00124447 -0.00433121 -0.0103088 0.000632767 -0.00357444 0.00164145 0.00126257 0.000451989 -0.000329697 -0.00420882 -0.00778144 -0.012028 -0.00926853 -0.011649 -0.00588303 0.000439891 0.00575359 0.00832658 0.0056174 0.0021718 0.00346197 0.00763258 0.00231287 0.00608352 0.000474376 -0.00128993 0.00128769 -0.00144905 -0.00599344 -0.00681629 -0.00767102 -0.00895329 -0.010443 -0.00741024 -0.0157898 -0.00624112 -0.00936968 -0.0132736 0.00162201
internal_weight=7952.22 5604.62 5242.03 2517.4 1730.33 2724.63 2347.6 225.384 1841.37 1090.13 787.067 447.916 237.583 362.586 1642.17 506.232 2499.25 341.948 304.384 751.231 443.361 1838.18 1518.71 566.343 342.414 152.217 1575.95 304.142 1271.8 171.689 1061.64 972.171 431.127 249.183 176.954 319.464 250.729 125.235 190.197 247.152 197.163 156.903 143.695 223.929 210.166 852.551 278.829 573.723 661.069 377.642 257.184 952.37 853.39 783.657 642.676 524.945 335.463 189.482 299.666 195.696 138.714 105.968
internal_count=31820 22425 20974 10073 6924 10901 9395 902 7369 4363 3149 1792 951 1451 6571 2026 9999 1368 1218 3006 1774 7354 6076 2266 1370 609 6306 1217 5089 687 4248 3890 1725 997 708 1278 1003 501 761 989 789 628 575 896 841 3412 1116 2296 2645 1511 1029 3810 3414 3135 2571 2100 1342 758 1199 783 555 424
is_linear=0
shrinkage=0.03


Tree=4
num_leaves=63
num_cat=0
split_feature=10 4 4 10 23 9 24 24 6 20 4 12 13 12 20 15 12 21 6 23 11 1 8 12 1 4 24 6 21 21 15 21 8 20 0 12 20 10 12 13 21 22 24 10 11 18 18 1 24 11 12 4 8 20 6 1 0 4 1 8 4 4
split_gain=34.378 20.0068 16.5596 21.8166 12.521 12.4934 12.4317 12.1402 11.9378 12.2649 11.1047 10.0536 9.83252 9.78327 9.65604 9.59904 13.1929 8.8846 9.97088 8.74909 8.64604 9.77659 8.46327 8.40326 8.28747 8.17602 11.7489 7.99689 7.81979 7.66462 7.54893 7.48486 7.35516 7.27863 10.2942 7.23251 8.88965 6.94777 6.85408 7.08134 6.80518 6.51064 8.14612 7.34947 6.40563 6.40553 6.21946 10.1069 6.16754 13.5819 9.67892 8.97814 6.97304 10.1227 12.2402 10.6279 11.0498 8.93166 8.6561 11.1773 7.91848 9.70074
threshold=0.99863740101531462 0.096561286979283859 0.39723044655512924 1.0033065957902294 -24.681720854445505 0.080729534817858287 -12.094392218837113 87.763805191441335 0.1071854853545773 0.25327820253664785 0.46675617451214574 1.0001024856603802 -0.25203211628032596 0.9971526994491785 1.2962517273939678 0.65709838821897104 0.99958878564837506 -34.598669010674335 0.19238722484018481 274.86565004556496 1.0012653402138751 0.029710237137796348 0.32677633372585341 1.0042719815078167 0.07058007232186593 0.23479182683017624 50.885357791570819 0.046554216571675917 -80.442056415851624 -68.764834483857669 0.42830539893692482 15.4476001818852 -0.039163930769292581 0.61231140042875887 -0.054675892084406201 0.99987316409340765 0.148336115243103 1.00041285223751 1.0015752461540737 0.075369246952739707 3.0942099718284952 65.418500112182514 58.019915804358611 0.99994665943772265 1.0004857350758385 0.85975307552823044 0.4537472002691838 0.06345674204764537 111.96131415016326 1.0015776727554178 0.99984759175908366 0.18737831344767958 -0.12254042704856193 0.48486668818198514 0.1030593128268087 0.04237310292865918 0.18713983877254647 0.10920414447067915 0.051176645156101756 0.033956147092395479 0.14408977215672406 0.34811510122552319
decision_type=2 2 2 2 2 2 2 2 2 2 2 2 2 2 2 2 2 2 2 2 2 2 2 2 2 2 2 2 2 2 2 2 2 2 2 2 2 2 2 2 2 2 2 2 2 2 2 2 2 2 2 2 2 2 2 2 2 2 2 2 2 2
left_child=5 19 4 22 6 8 -3 15 11 17 23 30 14 -9 -7 16 29 -10 -19 41 21 -18 33 -5 -14 26 38 -27 -13 -6 -1 -31 46 34 -4 -36 -37 -23 39 44 -28 42 -2 -43 -17 -21 47 -32 49 50 -15 -52 -50 57 58 56 -56 -54 59 -55 -59 -62
right_child=1 2 3 10 7 12 -8 13 9 -11 -12 28 24 48 -16 25 20 18 -20 45 -22 37 -24 -25 -26 27 40 -29 -30 31 32 -33 -34 -35 35 36 -38 -39 -40 -41 -42 43 -44 -45 -46 -47 -48 -49 52 -51 51 -53 53 54 55 -57 -58 60 -60 -61 61 -63
leaf_value=0.011709993152266398 0.011176926431169916 0.01789436933527537 0.014435764505301096 -0.0030460045067221479 -0.0043669002001997873 0.0059100486604824302 0.00010747143443605733 0.0077998460248375062 0.019312994935671658 0.0022435332182865488 6.183498042175114e-05 -0.017474324683179894 0.0065527456566609682 0.01548166674982537 -0.0095413754477285985 -0.010862391860329546 -0.0078380517864501398 -0.00031543204118380971 0.014170915648410174 0.0055854775495023153 -0.013986127984606609 -0.0041003786923488215 0.015849910271586647 -0.017811373671649779 0.016459892903242967 -0.013051098367987833 -0.0091211914538432675 -0.00165624673248897 -0.0027127189189709556 0.012974581365811737 -0.0074602033309851736 -3.8284099534550898e-05 0.0034037040022318098 -0.0013945901121400347 0.0092878576708209076 -0.010177759897380727 0.006759924738553344 0.0077639146628444436 0.0010483593575976609 -0.018609739006949289 -0.021290535253042572 0.021587304271414271 -0.0050952933423139297 0.0073010413439383495 -0.0011460763801108529 -0.0084883634639146242 -0.0069237577071937359 0.010005916411619751 0.0014348805561847405 -0.010521087726170743 -0.0079737606727324495 0.0082998906873523667 0.0073110662312140676 -0.0087445283260499714 -0.0029737081371756366 -0.007986700899521592 0.011220766522326037 -0.011457470946924987 0.013672077782268836 0.009849997099575002 -0.003424703697432798 -0.014689837639503631
leaf_weight=50.952419891953468 57.203149750828743 50.479232907295227 109.66692319512367 75.98121689260006 73.719473943114281 132.63959857821465 118.71914868056774 96.957464933395386 66.158805400133133 852.49813707172871 359.62821561098099 51.986989542841911 198.61369986832142 67.478429526090622 49.976129963994026 130.73223330080509 194.44857409596443 92.688247114419937 78.659562006592751 59.960898235440254 81.735792711377144 87.47771792113781 69.189871102571487 64.737922102212906 124.91204249858856 66.4901974350214 77.491411283612251 336.90925869345665 86.726098299026489 90.713261008262634 55.736308306455612 69.976412028074265 256.39184600114822 130.1764077693224 90.686753407120705 58.476212114095688 52.976580128073692 89.727703139185905 88.236154451966286 51.24480889737606 92.237676605582237 55.454926684498787 53.210606098175049 80.457365214824677 115.98386600613594 56.235492736101151 185.70869924128056 63.726138979196548 344.89449943602085 55.238534271717072 52.988226115703583 71.47857528924942 50.484995573759079 56.483356982469559 159.70482321083546 204.44297233223915 71.230707347393036 172.47172299027443 79.228446424007416 59.730133160948753 795.78893810510635 75.475390002131462
leaf_count=204 229 202 439 304 295 531 475 388 265 3412 1439 208 795 270 200 523 778 371 315 240 327 350 277 259 500 266 310 1348 347 363 223 280 1026 521 363 234 212 359 353 205 369 222 213 322 464 225 743 255 1380 221 212 286 202 226 639 818 285 690 317 239 3184 302
internal_value=2.42554e-05 -0.00125196 -0.0017238 0.00172259 -0.00254859 0.00307247 0.00543923 -0.00288225 0.00192254 0.00392835 -0.00272627 -0.000983963 0.00724853 -0.00152548 0.00166216 -0.00486874 -0.00215717 0.00995967 0.00632161 0.00556101 -0.00514705 -0.00319181 0.00608278 -0.00986795 0.010391 -0.00680927 -0.00917177 -0.0035446 -0.0082753 0.00361273 0.000663451 0.00729264 -0.000335403 0.00454377 0.00703225 0.00299562 -0.00210108 0.00189116 -0.00626486 -0.00844024 -0.0157608 0.00876236 0.00331036 0.0131638 -0.00630912 -0.00120148 -0.00348675 0.00183242 -0.0019173 0.00255491 0.00633709 0.00134692 -0.0024529 -0.00323197 -0.000200239 -0.00300463 0.00139447 -0.00497686 0.00602999 0.000786941 -0.00557474 -0.00440559
internal_weight=7951.82 5604.44 5241.92 1011.52 4230.4 2347.37 169.198 4061.2 1841.23 1090 500.347 751.229 506.141 2414.08 182.616 1647.12 687.799 237.507 171.348 362.522 453.39 371.654 511.173 140.719 323.526 959.326 555.926 403.399 138.713 234.409 612.515 160.69 561.563 441.983 311.806 202.14 111.453 177.205 386.197 297.961 169.729 246.326 110.414 135.912 246.716 116.196 305.171 119.462 2317.12 247.184 191.945 124.467 2069.94 1725.04 630.82 435.379 230.936 1094.22 195.442 116.213 1043.74 871.264
internal_count=31820 22425 20974 4048 16926 9395 677 16249 7369 4363 2002 3006 2026 9659 731 6590 2752 951 686 1451 1814 1487 2046 563 1295 3838 2224 1614 555 938 2451 643 2247 1769 1248 809 446 709 1545 1192 679 986 442 544 987 465 1221 478 9271 989 768 498 8282 6902 2524 1742 924 4378 782 465 4176 3486
is_linear=0
shrinkage=0.03


Tree=5
num_leaves=63
num_cat=0
split_feature=10 4 23 14 4 16 10 7 9 9 5 4 14 2 8 3 8 17 2 8 22 22 14 11 10 16 14 3 16 22 7 10 9 17 22 12 14 16 22 3 8 11 1 7 3 16 23 4 14 22 16 8 11 11 3 3 16 9 14 22 23 3
split_gain=36.0183 25.6396 17.3946 16.9033 17.3599 20.5867 10.698 10.5238 10.6571 9.61214 9.48535 9.3065 9.43189 8.76434 8.65601 7.98663 8.6506 9.22702 7.94951 7.96588 9.24017 9.25012 7.86945 7.71318 7.59444 7.42773 7.31183 8.58888 8.42587 7.30535 7.26637 13.0787 9.5406 9.1251 10.3235 7.23157 8.39038 7.03656 14.7102 10.3291 13.9185 9.50387 8.98719 8.93441 7.46586 7.2885 8.05268 7.05393 10.5951 7.17241 6.89716 6.80728 6.63001 8.29565 7.36499 7.03528 6.59396 7.58291 6.38682 16.5996 7.09404 6.369
threshold=0.99867092205336283 0.096561286979283859 274.86565004556496 79.683215580786225 0.39723044655512924 3.334356442281146 0.99037118772445665 0.20311272718549492 0.080729534817858287 -0.039163930769292581 -0.057902736853027152 0.14977773994562352 68.772291036961178 0.08644894319440162 0.055493358057345794 0.061708683810814048 0.0099813989350550098 0.6950669328071043 0.012646145350868672 -0.01159845789393543 480.79659826961898 56.710746516595627 28.328015533523004 0.99863830038725132 1.000087062325788 -0.37551567159960103 38.630155472784317 0.21556889701253226 -0.43881181937922381 118.97514452060139 0.0033954422317572512 1.0068696314120236 -0.11775972179094983 0.63798584003937997 47.06099586269692 0.99934935702612659 50.646397044228912 -0.72175832036743326 -6.9877627459772276 0.2673825590192867 0.088043336373933037 1.0002175781179885 0.027944686921691917 0.16454231220041085 0.13442130557007895 -0.41430610830143844 812.38347905623414 0.20269936604748673 64.824970097566862 -5.8575091976891693 -0.5617784113734472 -0.056422971171499185 1.0013292851673918 1.001913994947629 0.11820729889785657 0.31023790842297377 -0.43881181937922381 0.017489679686522045 43.016212288632701 111.96131415016326 171.46129992575533 0.10090904880594277
decision_type=2 2 2 2 2 2 2 2 2 2 2 2 2 2 2 2 2 2 2 2 2 2 2 2 2 2 2 2 2 2 2 2 2 2 2 2 2 2 2 2 2 2 2 2 2 2 2 2 2 2 2 2 2 2 2 2 2 2 2 2 2 2
left_child=6 2 9 4 11 10 -1 8 14 -2 -6 12 15 -5 26 -3 17 24 19 20 21 -13 -10 29 25 -17 -8 28 -28 -20 32 33 -12 34 -32 -24 -37 38 -25 40 47 42 -41 -40 -42 -43 -47 48 -39 -49 -46 -51 54 -54 -21 -55 -11 -58 -29 -60 -61 -18
right_child=1 3 -4 13 5 -7 7 -9 22 56 30 18 -14 -15 -16 16 61 -19 23 52 -22 -23 35 37 -26 -27 27 58 -30 -31 31 -33 -34 -35 -36 36 -38 39 43 41 44 45 -44 -45 50 46 -48 49 -50 51 -52 -53 53 55 -56 -57 57 -59 59 60 -62 -63
leaf_value=-0.0039362816826479449 0 0.004320298651661102 -0.0032835810023423917 -0.0055631327783411521 0.0077666782403695246 -0.013331766923257929 0.0026117962647444278 0.011202214995662705 -0.0015532491868336072 0.02260232105137689 0.014212975503748174 0.0088842093718294757 -0.015780553254514652 -0.018433439454566245 0.0054881069769592535 -0.0020472645788035967 0.0045597719045372374 -0.016966973976116143 0.013461862898189715 -0.0077797390560983941 0.015480031318870876 -0.0019790916338418433 0.012330900016561825 0.012735653761611256 0.0013700654536412838 -0.015788898232332399 0.00062653225611080147 -0.0057037546246187006 -0.01183830089938045 -0.0016470449530295161 0.0058855018765189716 -0.013546839393351693 0.0012992825207213663 0.0081722273819775006 -0.010391819189871905 -0.0018737581035897519 0.012992930469761932 -0.0069330028487903607 6.8641722160048267e-06 -0.00517824565389565 -0.0096192136751333587 -0.013139196678511954 0.0099796875524761595 -0.01342696448546595 -0.0093148678630063098 -0.0032887056997073895 0.007212077043674354 -0.019418857519766713 0.0062730805997993555 -0.0040587178501694304 0.0026321906112855673 -0.011768023245870424 -0.01501053656044443 0.0038481244843867886 0.0042066984272729757 -0.010061472893195832 0.017925055745889082 0.0033057693239670945 0.014917129974048229 -0.010954374172018173 0.0028338041705379454 -0.0049669747298346943
leaf_weight=185.14196114242077 55.712703093886375 83.220169574022293 114.19307881593704 128.2290183454752 290.74956893920898 71.977599710226059 659.38708856701851 151.36446824669838 77.438425436615944 57.91842882335186 70.708374783396721 112.71439410746098 72.239311292767525 76.738079562783241 431.91315627098083 62.984109684824944 95.72762094438076 91.984551072120667 50.731833979487419 60.233814582228661 54.983494445681572 187.44944305717945 223.02133230865002 73.464042633771896 85.485500767827034 82.491961032152176 79.717885330319405 90.93513797223568 123.96359953284264 65.726848602294922 59.969120472669601 68.487900599837303 191.14674808084965 101.19874599575996 83.713605150580406 90.668685302138329 54.447489574551582 273.96503600478172 289.13194100558758 49.980500727891922 73.482733994722366 54.730575919151306 116.95707273483276 52.477915838360786 50.734738767147064 405.38047616183758 78.221652641892433 62.989332348108292 67.988689050078392 179.96541792154312 299.14899273216724 246.45661360025406 62.23601870238781 80.73638129234314 194.93987634778023 54.737811729311943 61.691975429654121 67.44823169708252 77.449971497058868 53.461917147040367 89.431306883692741 184.21422129869461
leaf_count=741 223 333 457 513 1164 288 2639 606 310 232 283 451 289 307 1729 252 383 368 203 241 220 750 893 294 342 330 319 364 496 263 240 274 765 405 335 363 218 1096 1157 200 294 219 468 210 203 1622 313 252 272 720 1197 986 249 323 780 219 247 270 310 214 358 737
internal_value=-9.98969e-05 -0.0014243 0.00635029 -0.00195861 -0.00161136 0.00206507 0.00298074 0.00356351 0.00299802 0.0108936 0.00334967 -0.0024619 -0.00546042 -0.0104029 0.00185652 -0.00436732 -0.00557201 -0.00891924 -0.00177169 0.000811128 0.00417676 0.00209179 0.00710495 -0.00261053 -0.00569514 -0.00986554 0.000517954 -0.00215729 -0.00694712 0.00491488 0.0011109 -0.00196431 0.0048019 0.00126702 -0.00357789 0.00893429 0.00368866 -0.00298098 0.000560993 -0.00373259 -0.0053657 -0.000822561 0.00542311 -0.00205138 -0.000929581 -0.00276557 -0.00158288 -0.00762078 -0.00429748 -0.0099353 0.000889074 -0.00852317 -0.00182189 -0.005947 0.00136361 -0.00175314 0.0141499 0.0103213 0.000968461 0.00373702 -0.00230796 -0.00169807
internal_weight=7946.14 5557.8 356.964 5200.83 4995.86 937.952 2388.34 2203.2 2051.84 242.771 865.974 4057.91 758.347 204.967 1606.26 686.108 602.888 322.946 3299.57 808.031 355.147 300.164 445.576 2491.53 230.962 145.476 1174.35 514.96 203.681 116.459 575.224 313.369 261.855 244.881 143.683 368.138 145.116 2375.08 415.074 1960 1254.73 705.27 166.938 341.61 423.366 538.333 483.602 831.365 341.954 489.411 349.884 426.422 452.884 197.71 255.174 135.474 187.059 129.14 311.278 220.343 142.893 279.942
internal_count=31799 22239 1429 20810 19990 3754 9560 8819 8213 972 3466 16236 3034 820 6429 2745 2412 1292 13202 3233 1421 1201 1784 9969 924 582 4700 2061 815 466 2302 1254 1048 980 575 1474 581 9503 1661 7842 5020 2822 668 1367 1694 2154 1935 3326 1368 1958 1400 1706 1812 791 1021 542 749 517 1246 882 572 1120
is_linear=0
shrinkage=0.03


Tree=6
num_leaves=63
num_cat=0
split_feature=11 4 23 4 18 24 16 12 2 24 4 4 13 15 16 4 4 0 13 9 4 12 0 12 15 13 24 18 11 24 18 7 3 12 15 11 11 8 11 16 13 6 3 16 3 12 6 23 24 19 7 19 0 19 23 15 16 2 24 13 15 18
split_gain=27.76 17.3391 16.7855 16.0855 11.3636 11.4279 10.3162 10.2475 9.44147 8.76722 8.66107 13.9213 21.759 11.3236 9.21345 8.99004 10.298 9.23954 10.2706 8.9346 8.1531 8.09731 8.09313 11.4171 13.9197 10.6505 9.91458 8.91417 8.57711 9.40098 9.27964 8.71233 8.137 9.06844 8.87781 13.4539 8.69893 7.79439 7.73248 7.69018 7.39105 7.38165 7.11704 6.85663 6.80347 6.58073 6.56859 6.32731 7.46184 8.34894 6.30284 6.13521 6.06179 7.13163 7.63748 6.80177 29.0995 9.53193 9.58494 7.91966 8.44749 7.13102
threshold=0.99960823464498816 0.093462188418339351 274.86565004556496 0.5282559082628332 -0.71427774427932167 583.10274328835862 0.25034174683080873 0.99977961130067949 0.037318166189374745 -35.84117606085394 0.23037057155318189 0.20866212547202476 0.039514489971320461 0.52972451745189375 -1.0961171298403201 0.096561286979283859 0.13006510844485156 0.044437386544050099 -0.085931234975394968 -0.013008866366076564 0.18859654187362027 1.0008970258426844 -0.048348635511342657 1.0001249850398581 0.63281309764677063 1.0000000180025095e-35 171.46129992575533 0.77138085340590068 1.0015442742873177 47.06099586269692 0.31151040760524268 0.091961076247559795 0.10979635020797628 1.0040475241224531 0.62892308546938547 1.0004081019314175 1.0017726918413119 -0.10434451301347679 0.99885287717050708 -0.43881181937922381 -0.13568253896445961 0.40312849667766276 0.22452597742385402 -0.91005549151171394 0.16259275313824056 0.99894067533190867 0.21541581866824092 1996.7349727052813 713.46221437625888 -0.00082087507119213584 0.0033954422317572512 -0.0017411637574739943 0.1098792276700073 -0.15890093552875242 274.86565004556496 0.62187408633718499 -0.46477328204178847 0.0066057711319755181 265.45992918565565 0.11675442775108365 0.84723926939007599 1.4171903817275082
decision_type=2 2 2 2 2 2 2 2 2 2 2 2 2 2 2 2 2 2 2 2 2 2 2 2 2 2 2 2 2 2 2 2 2 2 2 2 2 2 2 2 2 2 2 2 2 2 2 2 2 2 2 2 2 2 2 2 2 2 2 2 2 2
left_child=10 2 39 4 7 9 -5 -3 46 -6 11 13 -13 19 -12 -15 38 18 20 -1 -18 -20 -11 24 28 -25 27 45 30 -30 31 -24 -27 34 35 -34 -35 -28 -17 -2 -39 -36 44 -16 -37 -26 -7 48 -10 -50 -41 -23 55 -54 -55 57 -57 -45 -59 -58 -61 -62
right_child=1 3 -4 6 5 8 -8 -9 47 22 14 12 -14 15 43 16 17 -19 21 -21 -22 51 23 25 26 32 37 -29 29 -31 -32 -33 33 36 41 42 -38 40 -40 50 -42 -43 -44 52 -46 -47 -48 -49 49 -51 -52 -53 53 54 -56 56 59 58 -60 60 61 -63
leaf_value=0.016137299147226416 0.020548900453154759 0.011706400403573642 -0.005057587896449103 0.0076427187526694413 0.007044822759966928 0.0024790142331468043 -0.0017991222381648904 -0.00150540718528331 0.0045617328356730583 -0.00091163574636781049 -0.0088955018062845097 -0.00012783107392962622 -0.019565786195393099 0.0096118400911111672 0.012645077946774195 0.0010801742073635466 0.012895334601601806 -0.0082124421573124915 -0.0035711952197381648 0.001235573729042116 -0.00090455809569429642 -0.00020606262208611715 -0.0015277305698625 -0.017860149053229621 -0.017401432017157444 -0.011872078880168911 -0.0092950688860333891 -0.0041031680556248918 0.0049158232159614203 -0.012156013765213624 0.014304768109923019 0.012634196607477955 0.0032309355319283927 -0.0022882212040755481 -0.0027592553274875145 -0.010456342768101184 -0.015127145535511588 0.012489380259426287 -0.013106202917141551 -0.0007383246668992903 -0.00091207971039323165 0.0091931679817439001 -0.0049917597771965928 0.010521335693473377 -0.025920162502565562 -0.0063680293597024222 0.01387865597316802 0.0044379348265715284 -0.00098791214312219299 -0.013461256027227853 0.013132203458209086 0.013949284846533596 0.016069820711270336 -0.0011630608140160527 0.010807141737221228 0.023393002512358253 0.0013026322892454628 0.00039379854877679565 -0.010483932158866237 -0.00080977967054960656 0.020666780154825547 0.0070925203367850657
leaf_weight=78.950910791754723 55.383930832147598 91.406602039933205 83.214995816349983 239.52612139284611 66.466192975640297 215.19310486316681 183.4079175889492 124.19801642000675 56.727886751294136 633.25135086476803 54.702687352895737 158.16332501173019 77.223608911037445 83.160438373684883 72.1813033670187 54.233133926987648 117.44368249177933 85.21925576031208 243.17198906838894 67.711346909403801 56.719736576080322 59.980807662010193 171.16543285548687 71.731977537274361 105.71888548135757 180.21711224317551 56.479731380939484 309.65496061742306 50.233547285199165 67.977828934788704 68.958658203482628 50.477952480316162 61.482447892427444 74.234155505895615 597.40737183392048 54.489022240042686 134.98003266751766 55.721716091036797 93.482774913311005 52.702295586466789 108.97097633779049 50.240549251437187 61.73680691421032 59.452312499284744 50.238701567053795 92.482776984572411 57.974078878760338 85.713630482554436 89.716035425662994 105.96455588936806 65.691899746656418 50.237426251173019 65.436695322394371 99.658875033259392 91.657583832740784 63.955001160502434 903.06122095882893 284.75695478916168 97.672049105167389 77.189553260803223 49.961010843515396 119.15660490095615
leaf_count=316 222 366 333 959 266 861 734 497 227 2534 219 633 309 333 289 217 470 341 973 271 227 240 685 287 423 721 226 1239 201 272 276 202 246 297 2390 218 540 223 374 211 436 201 247 238 201 370 232 343 359 424 263 201 262 399 367 256 3615 1140 391 309 200 477
internal_value=-9.69285e-05 -0.00157809 0.00599304 -0.00201869 -0.00260725 -0.00298928 0.00354166 0.00408472 0.000762659 -0.00371275 0.00202603 3.05876e-05 -0.0065232 0.00159189 0.0032241 0.000250274 -0.000770611 0.000939359 0.00242467 0.00928341 0.00838597 -0.000506325 -0.003944 -0.0047187 -0.00250545 -0.00660004 -0.00499111 -0.00729973 0.00191999 -0.00487801 0.00469633 0.00168828 -0.00595782 -0.00497152 -0.00362476 -0.00871879 -0.0105892 0.000297302 -0.00788025 0.0113018 0.00360876 -0.00182615 -0.0131496 0.00356018 -0.0179207 -0.0122741 0.00491352 -0.0025824 -0.00497908 -0.0077612 0.00693711 0.00622554 0.00321499 0.00750925 0.00455871 0.00254665 0.0037075 -0.000634166 -0.00237854 0.00260758 0.00737739 0.0111302
internal_weight=7945.68 4681.14 256.993 4424.15 4001.21 3785.61 422.934 215.605 611.289 3174.32 3264.54 1225.7 235.387 990.312 2038.84 843.649 760.489 612.773 527.554 146.662 174.163 353.39 3107.85 2474.6 1137.84 1336.76 729.029 507.857 408.813 118.211 290.602 221.643 1265.03 1084.81 875.595 227.947 209.214 221.172 147.716 173.778 164.693 647.648 166.465 1984.14 104.728 198.202 273.167 338.122 252.408 195.681 118.394 110.218 1911.96 256.753 191.316 1655.2 1213.32 441.881 382.429 1149.37 246.307 169.118
internal_count=31799 18732 1029 17703 16010 15147 1693 863 2446 12701 13067 4905 942 3963 8162 3376 3043 2452 2111 587 697 1414 12435 9901 4553 5348 2917 2032 1636 473 1163 887 5061 4340 3503 912 837 885 591 696 659 2591 666 7943 419 793 1093 1353 1010 783 474 441 7654 1028 766 6626 4857 1769 1531 4601 986 677
is_linear=0
shrinkage=0.03


Tree=7
num_leaves=63
num_cat=0
split_feature=10 4 24 14 4 16 24 10 9 3 9 16 23 13 15 13 10 18 5 2 4 23 6 24 9 0 24 6 15 13 14 10 4 14 16 14 1 23 8 0 19 18 19 6 10 24 14 1 2 3 4 6 19 16 4 14 18 1 1 1 6 19
split_gain=32.5078 22.7705 17.3101 15.5732 15.7345 19.218 11.7281 10.0674 9.90336 10.4458 14.6585 13.3136 9.97916 10.7212 9.28988 9.69369 9.13966 8.8943 8.73491 8.19697 7.83511 7.90296 7.6694 7.38884 7.1202 7.09586 8.68277 6.92264 8.39439 6.64511 6.59579 6.51663 13.5361 7.62872 6.93571 6.46566 8.02798 11.2145 6.34373 6.18176 6.44259 6.15016 6.14205 6.89043 5.91873 6.44943 6.00872 5.73378 5.66822 5.97807 5.82809 5.62594 5.60334 5.3067 5.19354 5.04674 4.97403 4.9506 4.83129 8.44659 4.74725 4.69844
threshold=0.99867092205336283 0.096561286979283859 279.49968753050172 79.683215580786225 0.39723044655512924 3.334356442281146 1082.4783006153459 0.99037118772445665 0.080729534817858287 0.40036420366824937 0.011521715194751094 0.079925049796700717 -13.534365305561243 -0.074479201849032409 0.43694168243536852 -0.10319958445693315 0.9942595641197941 9.1223406729686101 -0.057902736853027152 0.08644894319440162 0.40604757911900552 389.11174671975317 0.0069265299765641783 18.837820910465862 -0.037537151340200074 -0.015688505451773908 131.61520809733494 0.042749693604682289 0.89354751847412672 -0.19171020412148931 55.562125235938176 1.0065483488228657 0.66150930002998687 67.929219707608482 0.4245626788521833 27.021590236099893 0.078050205805331743 56.716824876783541 -0.0015925181163667366 -0.12238914876317125 -0.018408977710058561 -0.049015073384417289 -1.0540045121680321 0.19620146499722549 1.0013680237943621 65.427788094587058 49.300022091577034 0.082511844885696448 0.027991106848492989 0.22873264857805878 0.2004663271431206 0.39418009892819855 -0.091677077671853943 -0.52098238704232191 0.31506139504416858 25.636183210072542 0.64783594959196333 0.0053574593018193258 0.028831815540820632 0.049415410464754166 0.045000985023019309 -0.15890093552875242
decision_type=2 2 2 2 2 2 2 2 2 2 2 2 2 2 2 2 2 2 2 2 2 2 2 2 2 2 2 2 2 2 2 2 2 2 2 2 2 2 2 2 2 2 2 2 2 2 2 2 2 2 2 2 2 2 2 2 2 2 2 2 2 2
left_child=7 2 24 4 6 18 14 51 9 12 11 -11 -9 16 15 -3 -14 22 23 47 21 -13 30 -6 -2 26 29 -15 39 -18 -16 32 33 44 -33 -10 -37 -38 -22 -29 -41 54 43 -24 45 -20 -46 -5 -8 50 -50 -1 -30 -26 57 -28 -48 -17 -59 -60 -55 -27
right_child=1 3 -4 19 5 -7 48 8 35 10 -12 20 13 27 17 41 25 -19 31 -21 38 -23 42 -25 53 61 55 28 52 -31 -32 34 -34 -35 -36 36 37 -39 -40 40 -42 -43 -44 -45 46 -47 56 -49 49 -51 -52 -53 -54 60 -56 -57 -58 58 59 -61 -62 -63
leaf_value=-0.0090849975708904261 0.001111998217093598 0.0090824908097433075 -0.0038867421821850803 -0.00016673489283111027 -0.0021601787439288755 -0.012896773090122278 0.0073741521291061686 -0.010204263002802864 -0.0011072411177317407 0.017916949291008528 -0.0064670962885503072 0.014465850844564719 -0.0061060726277004556 -0.0089571993698990184 -0.017105560522276301 0.0099607539626408968 0.0095199024725390047 0.0083080136117331359 0.012074817813179761 -0.017727888491028475 -0.0060610374532820248 0.00011321933895549487 -0.0024911289061501363 0.0098277849846784178 0.021606945013661054 0.0084083354691402625 0.0043997668665160857 -0.0025317191413931988 -0.0014342077528669308 -0.0024097514680943826 -0.0031663977763581245 0.002276364422230036 0.015525564488875461 0.010971153301693454 -0.012204102638567851 0.0053522750071872552 0.025804805207173747 0.0084476014981724398 0.0073694112075113278 -0.00033976766969616158 0.013360303657114879 -0.0076459849120352344 -0.0037142598303820736 0.0097665256756963286 -0.011818029737810621 -0.0012916757099337727 -0.0058394841065552419 -0.013206032620461017 0.001945520821044755 0.0051007117875675771 -0.011609390743264891 0.0013458653923975714 -0.013537801556791788 0.015039338544528482 -0.0064191039099876258 0.015008579092506896 0.0057609064860365475 -0.0050480674693023147 0.012671185859855331 -0.0029484918760654065 0.0037625749057606126 -0.00066162674164306034
leaf_weight=92.954099923372269 57.693170145153999 102.41772222518921 110.18771681189537 78.23663917183876 57.181153506040573 71.987495943903923 146.69167327880859 68.209328040480614 70.443754523992538 100.5633010417223 68.934479400515556 104.41723467409611 74.188769280910492 99.714375048875809 69.735021680593491 63.714595288038254 73.687320441007614 56.484974786639214 51.709653079509735 76.733528271317482 73.433891177177429 52.196106642484665 110.71540139615536 233.47494640946388 50.338084474205971 66.688109174370766 57.704862490296364 81.67716933786869 112.44311881065369 96.926797673106194 55.488530829548836 57.231792420148849 63.659261807799339 54.984306812286377 61.237028673291206 249.43968151509762 49.9195506721735 104.58796159923077 55.446353197097778 50.215147495269775 78.459221467375755 101.21234506368637 2791.0475617200136 65.468886271119118 65.454456225037575 86.181238740682602 75.472357705235481 49.989481300115585 55.237849310040474 98.704696923494339 58.234339132905006 92.195108711719513 49.972109943628311 77.876491844654083 71.717106759548187 142.37923134863377 59.222663938999176 85.956493973731995 57.215367823839188 67.716967582702637 60.678491458296776 221.12315757572651
leaf_count=372 231 410 441 313 229 288 587 273 282 403 276 418 297 399 279 255 295 226 207 307 294 209 443 935 202 267 231 327 450 388 222 229 255 220 245 999 200 419 222 201 314 405 11167 262 262 345 302 200 221 395 233 369 200 312 287 570 237 344 229 271 243 885
internal_value=-9.4007e-05 -0.00135225 0.00597639 -0.00185571 -0.00152236 0.00197798 -0.0023321 0.00283293 0.00339841 0.00234175 0.00624409 0.00852266 0.000944677 0.00157896 -0.00283488 0.000758113 0.00385232 -0.00346334 0.00321955 -0.0099612 0.00519796 0.00970467 -0.00367958 0.00745913 0.0103957 0.00497956 0.00772489 -0.00194018 -5.31925e-05 0.00272759 -0.0109603 0.00107092 0.00270173 0.000613564 -0.00518733 0.00724061 0.00870372 0.014088 -0.000258549 0.00389374 0.00799444 -0.00114182 -0.00337095 0.00204967 -0.00106503 0.00370419 -0.00436593 -0.00527987 0.00284112 -0.000280723 -0.00498859 -0.00387683 -0.00518275 0.0132132 0.000752025 0.0119677 -0.000716282 0.00263746 0.000407021 0.00418528 0.0101287 0.00143172
internal_weight=7945.21 5557.29 356.774 5200.52 4995.56 937.796 4057.76 2387.92 2202.77 1728.38 454.991 386.057 1273.39 1205.18 3698.89 549.951 732.698 3148.94 865.809 204.96 285.494 156.613 3092.46 290.656 246.586 658.509 370.698 472.481 372.767 170.614 125.224 575.153 456.684 393.025 118.469 474.391 403.947 154.508 128.88 210.352 128.674 447.533 2967.23 176.184 338.04 137.891 200.149 128.226 358.869 212.177 113.472 185.149 162.415 188.893 346.321 200.084 134.695 274.603 210.889 124.932 138.555 287.811
internal_count=31799 22239 1429 20810 19990 3754 16236 9560 8819 6919 1822 1546 5097 4824 14800 2201 2933 12599 3466 820 1143 627 12373 1164 988 2636 1484 1891 1492 683 501 2302 1828 1573 474 1900 1618 619 516 842 515 1791 11872 705 1353 552 801 513 1436 849 454 741 650 757 1386 801 539 1099 844 500 555 1152
is_linear=0
shrinkage=0.03


Tree=8
num_leaves=63
num_cat=0
split_feature=11 4 23 14 4 12 14 14 15 15 8 24 21 0 9 24 11 8 2 2 7 7 17 22 20 4 4 12 15 14 17 0 9 2 12 11 24 15 2 19 8 24 24 9 9 9 11 9 12 15 1 24 4 2 7 22 9 23 24 9 7 23
split_gain=24.9477 15.3439 15.2673 14.9638 14.2436 10.5219 11.5998 14.2411 11.3516 10.2367 11.2832 10.6352 11.0364 9.63509 10.4501 9.30162 9.23525 8.76296 8.74389 8.33592 8.16589 10.8576 10.5502 8.03467 8.00154 7.85334 13.146 16.9359 10.5966 9.92309 11.4166 11.8036 8.3653 7.78736 7.61893 7.41437 7.6725 7.39811 7.20599 6.71411 6.60129 8.57151 6.44754 6.3815 6.35766 8.90692 7.05135 5.94288 5.88078 7.23815 5.73125 6.01648 5.52628 5.49924 6.10442 7.36935 6.91049 6.99731 6.72837 5.48734 6.06558 5.34137
threshold=0.99960823464498816 0.093462188418339351 274.86565004556496 77.522118829116479 0.17677422491429631 1.0022006028706232 46.308576596754463 48.446897998721042 0.790041133699806 0.36847330949533957 0.20767070163528747 86.147507147188733 -90.175578594556598 -0.13224310316750501 0.095734521176171775 841.77972063857226 1.0003854441847573 -0.039163930769292581 0.037318166189374745 0.002800160265169817 0.084418571604349971 0.0016352605463176852 0.87198625644913053 75.223196690814703 0.098332670529679797 0.23037057155318189 0.20866212547202476 1.000753298145767 0.52972451745189375 29.06755132368389 -0.10548471609890862 -0.037499236952749711 -0.013008866366076564 0.13839040699069052 1.0010040980846622 1.0005793084614134 135.3433881173182 0.30267935833637144 0.035384736202936973 -0.068678574800900297 -0.041994420366620037 249.24000749332461 86.147507147188733 -0.015735453079196434 -0.057899034514186092 0.11224512621363926 1.002871908658989 -0.018487289341639897 0.99728378156493702 0.86834019939206042 0.060030700572313425 148.01959448207279 0.27445080501268021 0.016652563365882386 0.20311272718549492 129.70099057882803 0.1787989536785162 293.25315430229404 141.39810777869215 0.040220980737348817 -0.13235134948644253 36.330058416653983
decision_type=2 2 2 2 2 2 2 2 2 2 2 2 2 2 2 2 2 2 2 2 2 2 2 2 2 2 2 2 2 2 2 2 2 2 2 2 2 2 2 2 2 2 2 2 2 2 2 2 2 2 2 2 2 2 2 2 2 2 2 2 2 2
left_child=25 2 43 4 5 6 8 -8 16 10 34 12 -11 14 -13 18 -3 -5 19 -9 21 33 61 -19 -21 26 28 50 32 39 31 40 -1 59 37 36 -15 -6 -25 -30 41 -31 -20 -2 -22 52 -47 -26 -38 -50 51 -28 -46 -27 56 -56 -55 58 -58 -14 -61 -23
right_child=1 3 -4 17 9 -7 7 15 -10 11 -12 13 20 35 -16 -17 -18 23 42 24 44 22 -24 38 47 53 27 -29 29 30 -32 -33 -34 -35 -36 -37 48 -39 -40 -41 -42 -43 -44 -45 45 46 -48 -49 49 -51 -52 -53 -54 54 55 -57 57 -59 -60 60 -62 -63
leaf_value=0.015615027653080234 0.0031166232479373592 0 -0.0049071727777561915 0.0016233772992927415 -0.00022950545445442558 0.0084810304731399704 -0.022727313514830472 -0.0046330525317056998 -0.0073048311148643345 -0.013788601394246652 0.01758264430481318 0.01358210456076816 0.00084706759734743114 0.011544183496026844 -0.00027218452418516903 0.0052329634207006724 0.015997020383569011 -0.0213842915309491 -0.0088891579273720472 -0.0046633095900486792 0.0049979195157149811 -0.010265273605459388 0.00050412862693764899 -0.00067745842083035801 -0.026086936338210763 0.0066377443797963507 0.0097944587460583338 -0.018678150978766267 0.0023621264943210255 -0.01046613265626759 -0.0067527416324321098 0.013758534009896005 0.0011922282903807581 0.0081656875159484364 -0.0050747501873428412 -0.001573095977787463 0.010377778453774163 0.012152630193261729 -0.013280493772807402 0.016336729042053008 0.0024613091806889803 0.0043333462451544463 0.0024128160923656806 0.01510343445064127 -0.0016012539652182026 0.0086217168945095044 -0.0049049451950000439 -0.013360750186505311 0.0025910196135971526 -0.0084333528999165942 -0.0089667793566933652 -0.0042092773930652088 -0.013113861778060129 0.0010356154090684433 0.015867591071401937 0.0016113835413998265 0.0077237032724436095 0.015124753010854317 -0.004935031562265638 -0.014657289912780161 -0.0031003670192808891 -0.022119012575084633
leaf_weight=78.9107296615839 64.141544386744499 92.208302423357964 83.21679376065731 59.236611515283585 88.644916921854019 51.489208802580833 51.238602012395859 144.46748897433281 106.97730754315853 82.967628180980682 50.937506541609764 98.911838263273239 146.93395139276981 79.709085404872894 96.177551999688148 57.2325509339571 49.97865979373455 54.232865616679192 76.481012850999832 59.738273233175278 178.66102302074432 115.45989610254765 62.984763070940971 70.486578166484833 51.239447772502899 326.12846431136131 55.715973362326622 70.234421223402023 80.187594518065453 100.70050777494907 224.41927933692932 60.950077414512634 67.705692902207375 60.954939097166061 87.207108154892921 1122.0729947090149 50.700985074043274 84.164632603526115 98.718416795134544 50.966541320085526 272.59890231490135 53.725804939866066 110.97740419209003 109.47197692096233 77.482941523194313 85.95228710770607 57.727489188313484 99.476586475968361 172.92691051959991 77.472242206335068 55.21795454621315 54.217254891991615 73.969257906079292 1349.2476650327444 64.154185906052589 67.418464720249176 110.8509034216404 63.664534524083138 56.931689530611038 60.963556572794914 126.70784156024456 49.985118135809898
leaf_count=316 257 369 333 237 355 206 205 578 428 332 204 396 588 319 385 229 200 217 306 239 715 462 252 282 205 1306 223 281 321 403 898 244 271 244 349 4490 203 337 395 204 1091 215 444 439 310 344 231 398 692 310 221 217 296 5402 257 270 444 255 228 244 507 200
internal_value=-9.114e-05 -0.00149532 0.00562907 -0.00190973 -0.0014529 -0.00467441 -0.00543121 -0.00753826 6.14753e-05 -0.000490838 0.00467758 -0.00105031 -0.00323716 0.000468739 0.00674004 -0.00623174 0.00562599 -0.0085889 -0.00744778 -0.0102178 -0.00243579 -0.0046906 -0.0098993 -0.0113093 -0.0140332 0.00192161 2.1298e-05 -0.00634727 0.00153877 0.000240858 -0.00115188 0.00141865 0.00898055 -0.00167334 0.00213215 -0.000343738 0.00327021 0.00578724 -0.0080516 0.00782383 -0.000338424 -0.00529842 -0.00218455 0.0106965 0.000527855 -0.00216876 0.00316649 -0.0177216 0.00106681 -0.000809895 -0.00107698 0.00286323 -0.00724875 0.0030626 0.00237956 0.0085922 0.00186003 0.00665057 0.00341011 -0.00347658 -0.00687632 -0.0138759
internal_weight=7944.63 4680.69 256.83 4423.86 4141.18 951.505 900.016 650.851 249.164 3189.68 310.954 2878.72 1180.75 1697.97 195.089 599.613 142.187 282.674 542.38 354.922 1097.78 623.99 228.43 223.438 210.454 3263.95 1225.55 235.386 990.165 843.549 712.395 487.975 146.616 395.56 260.017 1502.88 380.809 172.81 169.205 131.154 427.025 154.426 187.458 173.614 473.793 295.132 143.68 150.716 301.1 250.399 165.151 109.933 151.452 2038.4 1712.27 131.573 1580.69 231.447 167.783 334.605 187.671 165.445
internal_count=31799 18732 1029 17703 16572 3807 3601 2604 997 12765 1245 11520 4725 6795 781 2399 569 1131 2170 1420 4393 2497 914 894 842 13067 4905 942 3963 3376 2851 1953 587 1583 1041 6014 1524 692 677 525 1709 618 750 696 1896 1181 575 603 1205 1002 661 440 606 8162 6856 527 6329 927 672 1339 751 662
is_linear=0
shrinkage=0.03


Tree=9
num_leaves=63
num_cat=0
split_feature=10 4 24 4 10 4 22 10 16 16 6 4 1 4 12 21 15 16 12 15 19 18 15 24 24 8 11 11 1 1 20 22 20 19 16 22 16 1 24 0 17 12 6 10 6 4 24 15 20 15 16 1 15 19 20 16 0 10 4 4 20 4
split_gain=29.2029 20.4803 15.8907 12.0619 9.58974 10.0883 9.81087 9.53222 8.54455 11.1729 9.01213 9.43054 10.7838 9.13229 9.02895 8.62709 8.43311 8.43463 9.52273 10.8321 9.78808 8.26741 12.2051 7.46663 7.23593 12.7406 7.46427 9.17916 7.16006 15.8813 9.2596 8.3684 7.13147 7.24815 7.03047 8.51836 7.01294 6.76024 6.59256 10.6547 7.82784 6.96464 6.58121 6.45837 6.42189 6.31518 8.18395 9.57374 6.18771 7.18563 6.43779 6.54095 8.68994 7.68429 8.65001 12.4968 7.16694 6.76688 8.68767 6.78527 11.4163 6.17537
threshold=0.99867092205336283 0.096561286979283859 596.39737050425651 0.48555635317535212 1.0047636929335029 0.14977773994562352 252.943954915294 0.99037118772445665 -1.0251300645537424 -1.1217012575550742 0.095151602502879809 0.20748186868738339 0.10500348283795742 0.22557505502990666 1.0024324623449286 10.181650647461256 1.8886282793320444 1.2588768856478538 0.99984759175908366 0.790041133699806 0.17589773221982993 0.99465939693870842 1.2524258967422437 283.89173330193347 10.212726212949603 -0.031628905837627334 1.0015442742873177 1.001913994947629 0.0025910527276585393 0.01937644925363579 0.73774203448001274 148.01959448207279 0.12811785701576833 -0.026496353539053899 -0.017307999251324608 179.7906073441354 -0.594166447014287 0.16963808819301199 21.217055000121295 -0.12729824766818823 0.36450753558338461 1.0045145937109761 0.068462251327716675 0.99899444048772457 0.19238722484018481 0.19207552645573336 18.837820910465862 0.53357654887021588 0.0030645269111941481 0.33339389307545414 -0.88377502545134556 0.10900873765310648 0.68883675957891932 1.9311958349894514 0.051762649630513011 -0.1790761017724983 -0.0055994265205264139 0.99769607866785082 0.45296170259124841 0.34136335426577585 0.7939055414200179 0.29312314234933684
decision_type=2 2 2 2 2 2 2 2 2 2 2 2 2 2 2 2 2 2 2 2 2 2 2 2 2 2 2 2 2 2 2 2 2 2 2 2 2 2 2 2 2 2 2 2 2 2 2 2 2 2 2 2 2 2 2 2 2 2 2 2 2 2
left_child=7 2 21 4 5 16 -6 -1 9 42 11 12 14 -13 23 28 17 18 19 36 32 -2 -23 45 25 -17 -26 -28 -12 -30 31 61 33 -20 -29 -36 -3 -8 40 41 -5 -40 -7 -15 -27 46 -10 -48 -9 -50 -51 53 56 54 55 -52 -53 58 59 60 -54 -31
right_child=1 3 -4 38 6 8 37 48 10 -11 15 13 -14 43 -16 24 -18 -19 20 -21 -22 22 -24 -25 26 44 27 34 29 30 -32 -33 -34 -35 35 -37 -38 -39 39 -41 -42 -43 -44 -45 -46 -47 47 -49 49 50 51 52 57 -55 -56 -57 -58 -59 -60 -61 -62 -63
leaf_value=-0.0038427335583200747 0.012543266996056318 -0.0013557932481760889 -0.0079362636972805795 -0.010613736036768268 -0.011431295037564725 0.0068232268265004462 0.0011311918936092909 0.013655977396341607 0.0018122893642804783 0.014776838044959962 -0.004772782050746438 -0.011744319608733704 0.011948929428456477 0.0061326330359598724 0.0086535924654637386 0.015071838141188997 -0.016057724251215114 0.0076744396617838091 0.0028906425667016753 -0.0076415351204529519 -0.00015635822072694331 -0.0087849110918905692 0.011185165233195824 0.0032314680621458934 -0.00052529106857385482 -0.008079849359495999 -0.015087734684745906 -0.0099896789936307316 0.015227926669705995 -0.0033030671216232113 0.0097261754805036144 -0.0071630154069785004 -0.015887361197098319 -0.010809045836216584 0.0089182452076639919 -0.0049314193916392196 0.011473526965288488 -0.011449973253722507 0.019781036578396281 0.0013236476541107121 0.0045177406343136235 0.0048761511020502203 -0.0059117420520913688 -0.0044369725678842118 0.0061577133812013947 0.0022921926570857397 7.4454664011072352e-05 -0.014416466566683533 0.011688528690697647 -0.0058847974817042899 -0.016300287632017834 0.0065177698370781538 -0.0082378910419402818 -0.0082499343253023428 0.0033640541685032044 0.0010450505661011866 0.021470173686757313 0.012108239789897817 -0.0058272083431099696 0.012297363825276417 0.010887797178362791 0.0084099774867084677
leaf_weight=185.14836639165878 182.49199493229389 81.452544435858727 63.225502490997314 67.675314143300056 198.93100118637085 68.169663637876511 151.69705690443516 50.194221660494804 64.483318373560905 67.182527542114258 88.958096921443939 151.70977275073528 59.23448558151722 55.473147258162498 68.230894431471825 61.226915776729584 56.987774312496185 50.988527327775955 50.737427070736885 111.72779703140259 108.46652603149414 50.17488756775856 60.668624326586723 125.71725863218307 581.74686528742313 64.976741194725037 78.975892826914787 94.22099457681179 98.203634560108185 71.225069910287857 95.942181631922722 117.68996216356754 132.7125029861927 107.97639182209969 63.484454438090324 107.4677057415247 71.728616043925285 51.237984627485275 54.138799354434013 328.99017608165741 55.945383951067924 60.41164955496788 78.435119420289993 771.97553174197674 50.478947550058365 76.226621642708778 56.230171516537666 147.71669052541256 82.33551712334156 76.393736377358437 50.217053830623627 66.873701393604279 60.190642714500427 62.702200099825859 1266.4208430349827 144.36317467689514 51.917401567101479 68.917349308729172 93.863890618085861 75.398705273866653 52.452528163790703 92.93546499311924
leaf_count=741 732 326 253 271 796 273 607 201 258 269 356 607 237 222 273 245 228 204 203 447 434 201 243 503 2328 260 316 377 393 285 384 471 531 432 254 430 287 205 217 1317 224 242 314 3089 202 305 225 591 330 306 201 268 241 251 5071 578 208 276 376 302 210 372
internal_value=-8.83766e-05 -0.00128099 0.00567143 -0.00175838 -0.00226424 -0.00184252 -0.00669531 0.00268613 -0.00114885 0.00465555 -0.00153237 -0.00315815 -0.000183857 -0.00497087 -0.00152573 3.43639e-06 -0.00494239 -0.00405113 -0.00495598 -0.00053197 -0.0078783 0.00861636 0.00211862 -0.00301021 -0.00153934 0.00401595 -0.00260298 -0.00610521 0.00301941 0.00448268 0.00167832 -0.00105301 -0.010741 -0.00641159 -0.00341398 0.000196433 0.00463566 -0.00203466 0.00236824 0.00407889 -0.00374352 0.0119578 0 -0.00372409 -0.00182907 -0.00529591 -0.00746194 -0.0104084 0.00323654 0.0029915 0.00264352 0.00297215 0.00607055 0.00201491 0.00245803 -0.00342208 0.0130905 0.00368195 0.00160777 0.00533613 0.000643174 0.00331081
internal_weight=7944.07 5556.68 356.561 5200.12 4632.96 4231.1 401.866 2387.39 3458.32 213.787 3244.53 1577 597.839 979.158 538.605 1667.53 772.778 715.79 664.802 264.909 399.893 293.336 110.844 470.374 1102.58 176.683 925.896 344.149 564.954 475.996 377.793 281.85 291.426 158.714 265.173 170.952 153.181 202.935 567.161 443.541 123.621 114.55 146.605 827.449 115.456 344.657 268.43 203.947 2202.24 2152.05 2069.71 1993.32 469.614 1523.7 1461 194.58 118.791 350.823 281.906 188.042 112.643 164.161
internal_count=31799 22239 1429 20810 18539 16931 1608 9560 13839 856 12983 6310 2392 3918 2155 6673 3092 2864 2660 1060 1600 1176 444 1882 4412 707 3705 1377 2261 1905 1512 1128 1166 635 1061 684 613 812 2271 1776 495 459 587 3311 462 1379 1074 816 8819 8618 8288 7982 1881 6101 5850 779 476 1405 1129 753 451 657
is_linear=0
shrinkage=0.03


Tree=10
num_leaves=63
num_cat=0
split_feature=10 4 14 4 4 14 15 10 22 18 10 13 6 13 1 0 21 13 18 15 13 18 3 7 7 17 4 7 13 24 10 18 1 11 6 20 10 1 21 18 4 4 11 15 7 18 4 6 13 20 13 11 11 6 1 15 10 3 1 15 17 4
split_gain=43.7328 17.2617 15.5851 17.4521 14.5532 13.8217 10.14 12.7462 13.2413 11.1164 12.585 10.115 9.5883 9.53844 8.87909 8.86748 7.88873 12.7093 9.69482 8.85174 7.81026 7.81885 13.5119 7.95113 13.605 10.51 7.78774 8.77737 7.55783 10.6973 8.89634 8.80901 11.8436 7.33744 8.16742 7.33171 7.32264 7.24084 7.90996 7.20677 7.4867 12.9978 9.00479 8.29628 7.66928 6.95483 6.95154 6.86004 7.97986 10.8805 10.8535 7.44827 8.20034 6.41378 6.31574 6.11217 5.88653 5.72234 6.23083 5.51122 5.50582 5.50417
threshold=0.99860809969434972 0.099648237325060757 74.106669418835182 0.70914510590428737 0.1511484427857169 20.207085967900479 0.35196302312167593 1.0017123739361511 32.665161398593519 0.17877922180363884 1.0020250706310658 0.17308729779512191 0.08736989459889323 0.32463850155007651 1.087334725716884e-05 -0.024439773126458678 4.7908449759906953 -0.074479201849032409 0.81353646169679072 0.82308321446340549 -0.71066255538613399 6.3405410904133248 0.36308341626790475 -0.01015079820363418 0.05550161680530908 -0.069924610120088992 0.19446426069886397 0.32677633372585341 0.20799334949857412 111.96131415016326 1.0020642977655092 0.42866336531684285 0.036240969517663903 1.0007168699038707 0.23805405650715319 0.49247722466298882 1.0018633651283648 0.04237310292865918 -53.445767908881152 -0.7968947806652048 0.25406906539468826 0.23262772588210467 1.0007775230954998 0.51825174591516177 0.026356460426912868 -0.2986220232300601 0.31506139504416858 0.14807587075035825 0.090924597310408251 0.29475479512039532 0.041255571955475426 1.0003673876493731 1.0007974991337625 0.097050466820552975 0.029283950750128688 1.0694178523474558 0.99250058749047498 0.20727069306366355 0.088398562116578303 0.93853626114224886 0.42854435920247641 0.26921404443771219
decision_type=2 2 2 2 2 2 2 2 2 2 2 2 2 2 2 2 2 2 2 2 2 2 2 2 2 2 2 2 2 2 2 2 2 2 2 2 2 2 2 2 2 2 2 2 2 2 2 2 2 2 2 2 2 2 2 2 2 2 2 2 2 2
left_child=5 12 3 4 47 61 7 8 -6 10 14 -5 15 53 -8 -2 17 36 -19 -20 -7 22 23 -22 25 -25 54 33 31 30 -30 32 -18 -28 -35 -10 55 -21 46 -16 41 42 -41 44 -42 -17 -39 48 50 -50 51 -3 -53 -12 -4 60 -24 -26 -59 -47 -11 -1
right_child=1 2 26 11 6 20 9 -9 35 16 13 -13 -14 -15 39 45 28 18 19 37 21 -23 56 24 57 -27 27 -29 29 -31 -32 -33 -34 34 -36 -37 -38 38 -40 40 43 -43 -44 -45 -46 59 -48 -49 49 -51 -52 52 -54 -55 -56 -57 -58 58 -60 -61 -62 -63
leaf_value=-0.01085157033990126 0.01423212754949737 -0.0083055374039304967 -0.0067132321662190199 0.017833332706683112 0.016279908125605282 -0.0038025411211451499 0.0081065582305035622 -0.0056892244825276633 -0.0035254270240609423 -0.0048747992828364417 -0.0081504059692262213 0.00094843888504159287 -0.0075010984379288914 0.0016057049128959684 0.0059269371969798553 0.013308116039676932 -0.0020023523071646798 1.5655088418510583e-05 0.016835104593030534 -0.001668489211952659 0.0052251363311556611 -0.0016834952049148038 0.0020219143799102201 -0.0013658117646007193 0.010169821356386199 -0.017251629807467157 -0.0022876516578998253 0.0007420546333873555 -0.0035616390684213221 -0.00060349953899514926 -0.019975057529880345 -0.0014225994942531305 0.016728440883265527 -0.017445215648631794 -0.005546368375675498 0.01074999002023566 -0.014070645724815291 0.0095829865229793282 0.014297646809292833 -0.0067413609482136136 0.00057519556878709156 -0.018400772736624434 0.004814588446181183 0.0037733161023895353 -0.012394838345685791 -0.0041221345523167006 -0.0036805814567404532 -0.015551820533395481 -0.019407247040728628 -0.0014710099011953114 0.0043662162593734359 0.0062650562550342079 -0.0072589113214299233 -0.018559319615520535 0.007724871489260602 -0.0098392375621512134 0.010279483715530547 -0.0025165048186885147 0.0097789734508518487 0.0058738463912352042 0.007373672023332869 -0.00048193876287963084
leaf_weight=66.948354333639145 95.750480711460114 282.1528162509203 57.731415629386902 65.604748517274857 97.876718923449516 102.87007176876068 73.716891065239906 84.928388938307762 85.91125713288784 57.465045183897018 169.44502240419388 62.910858526825905 50.46235454082489 62.219629675149918 77.937084421515465 51.280524760484695 61.726607725024223 325.36635291576385 68.213076680898666 102.70499759912491 822.86461985111237 160.61050131917 93.389044642448425 125.14185357093811 100.41076064109802 53.720354482531548 66.47100567817688 67.472457557916641 54.214770555496216 145.66575922071934 67.224880084395409 987.37365901470184 59.220969930291176 162.42510499060154 77.724283531308174 51.694031104445457 51.472207814455032 74.221279129385948 99.700255811214447 255.16761660575867 88.182132616639137 67.978218257427216 79.228388413786888 191.64878034591675 75.950091689825058 98.287584900856018 67.711484581232071 55.733095809817314 69.224157065153122 54.982007101178169 133.95889990031719 83.966448739171028 77.47441928088665 79.211835011839867 51.486102238297462 53.724015727639198 493.5431976467371 122.86476649343967 52.922571048140526 99.873508587479591 76.943200916051865 149.39435710012913
leaf_count=268 384 1129 231 263 392 412 295 340 344 230 678 252 202 249 312 206 247 1302 273 411 3295 643 374 501 402 215 266 270 217 583 269 3951 237 650 311 207 206 297 399 1021 353 272 317 767 304 394 271 223 277 220 536 336 310 317 206 215 1978 492 212 400 308 598
internal_value=6.215e-05 -0.00136489 -0.0018196 -0.00129966 -0.0016016 0.00350757 -0.000860518 0.00424905 0.007847 -0.00131958 -0.00364255 0.00959834 0.00467543 -0.00885523 -0.00185734 0.00646582 -0.000113074 0.00194595 0.00389715 0.00695036 0.0042426 0.00465285 0.00520024 0.00346535 0.000276157 -0.00616077 -0.00695437 -0.0090116 -0.00157865 -0.00610855 -0.0126812 -0.000483779 0.00715048 -0.0111672 -0.0136106 0.00181953 -0.00404985 0.00497917 0.00781665 -0.00274029 -0.00363589 -0.00643919 -0.00399382 -0.000456108 -0.00541215 0.00346812 0.00323611 -0.00540671 -0.00459462 -0.0114992 -0.00310283 -0.00536561 -0.000206912 -0.0114844 6.64147e-05 -0.00128625 0.00897127 0.00445621 0.00117157 0.000901146 0.00211491 -0.00370827
internal_weight=8003.7 5659.02 5263.36 4780.05 4651.54 2344.68 3894.04 320.41 235.482 3573.63 1220.69 128.516 395.654 310.876 909.809 345.192 2352.95 977.522 737.917 412.551 2128.34 2025.47 1864.86 1277.92 455.06 178.862 483.31 374.093 1375.43 267.105 121.44 1108.32 120.948 306.62 240.149 137.605 239.604 344.338 241.633 836.092 758.155 402.374 334.396 355.781 164.132 249.442 141.933 757.492 701.759 124.206 577.553 443.594 161.441 248.657 109.218 188.132 586.932 276.198 175.787 198.161 134.408 216.343
internal_count=32040 22650 21064 19130 18615 9390 15584 1283 943 14301 4885 515 1586 1244 3641 1384 9416 3912 2953 1651 8524 8112 7469 5117 1822 716 1934 1497 5504 1069 486 4435 484 1227 961 551 959 1378 967 3346 3034 1610 1338 1424 657 1000 568 3031 2808 497 2311 1775 646 995 437 753 2352 1106 704 794 538 866
is_linear=0
shrinkage=0.03


Tree=11
num_leaves=63
num_cat=0
split_feature=10 4 14 4 4 23 14 23 19 21 10 14 23 16 8 16 22 3 2 23 8 18 20 4 7 3 11 23 0 4 2 16 14 20 14 10 24 24 14 14 8 0 22 8 24 24 14 22 22 22 4 24 19 8 7 7 3 1 1 23 16 16
split_gain=41.153 16.2461 14.6669 16.4304 13.6959 13.0342 13.0095 9.1418 9.04109 14.8203 9.56167 9.64378 8.74576 9.12051 8.19385 11.4228 11.9907 10.2642 8.18145 9.01903 8.2765 7.72859 7.69729 7.32971 8.26368 7.12054 6.90541 6.89043 7.28821 6.86423 11.4744 7.60501 7.87885 11.3882 10.6713 9.1069 7.26927 10.5362 10.8722 9.37972 7.32574 12.3173 6.9868 6.83123 6.75794 7.66884 6.65632 6.65509 8.32389 6.45178 8.51158 7.37321 7.39032 6.39 6.84736 10.0037 11.7046 9.05395 7.29844 7.45454 9.35853 6.25508
threshold=0.99860809969434972 0.099648237325060757 74.106669418835182 0.70914510590428737 0.1511484427857169 293.25315430229404 20.207085967900479 812.38347905623414 -0.073220024162593753 -1.401022095087437 1.0018633651283648 64.586293718768388 713.46221437625888 -1.0698483887924228 0.053694274787441383 3.8731091618895648 332.57397493026235 0.3695803726151054 0.012646145350868672 -35.846508834050681 0.22882194623559118 -0.15156982210337341 0.5005903105143793 0.19446426069886397 0.32677633372585341 0.21001355761472237 1.0007168699038707 568.54005136704541 -0.10242918596517837 0.39436584060408025 0.18170766606096964 -0.17062789572617823 54.038283196653005 0.086594671072851306 65.030881869896149 1.0026292728862227 92.415697437747426 49.739841793271502 52.388807284360453 57.452000419481031 -0.088063636514540397 0.12867067936968687 21.221411430433193 0.044433125265030966 23.205442612263287 139.19435427027 31.9670480675459 100.12274209540628 293.25315430229404 352.34184960442229 0.43205938545928435 32.665161398593519 -0.16528135663325574 0.082563373056421266 -0.059456864343154774 -0.014451588239133837 0.066545367621086718 0.021367675104802437 0.021823142541107055 45.872576585397418 0.27714376070013463 2.0496930416339683
decision_type=2 2 2 2 2 2 2 2 2 2 2 2 2 2 2 2 2 2 2 2 2 2 2 2 2 2 2 2 2 2 2 2 2 2 2 2 2 2 2 2 2 2 2 2 2 2 2 2 2 2 2 2 2 2 2 2 2 2 2 2 2 2
left_child=6 5 3 4 53 21 27 12 9 -9 25 -12 13 22 15 17 -17 -8 20 -20 -15 -2 -6 -4 26 -10 -25 28 -1 31 49 32 33 43 35 44 37 38 -33 -39 41 -38 -35 -21 -34 -46 -16 -28 -49 50 -31 -52 -53 54 -3 57 -57 -56 -58 -60 -61 -48
right_child=1 2 23 -5 7 -7 14 8 10 -11 11 -13 -14 18 46 16 -18 -19 19 29 -22 -23 -24 24 -26 -27 47 -29 -30 30 -32 36 34 42 -36 -37 40 39 -40 -41 -42 -43 -44 -45 45 -47 61 48 -50 -51 51 52 -54 -55 55 56 58 -59 59 60 -62 -63
leaf_value=-0.00091854988940926353 0.017598625532632677 -0.012724576707269338 6.3624674596145654e-05 0.0093155847773182514 0.011730354686259388 -0.0038630976374276044 0.0021614190198198562 0.015444244240515603 -0.0017729895374786471 -0.0025470410647418177 -0.013788160380419948 0.0033795022018663335 -0.013481083320568084 0.0022310823203620478 0.0019401231813434333 0.0033581688922649194 -0.013714709363370207 0.0076934532858598786 0.0099778383403444186 -0.0042260832081939242 -0.009010129021335413 0.0054177632423997295 -0.00072984554203037503 -0.0022190825974475604 0.00071982306794241599 0.010886096973505736 -0.020113412997389155 0.005402340856065055 -0.013812655082151386 0.011448395402184636 -0.008749716489436711 -0.0081252172627465299 -0.017659466595251971 0.0068698101966959456 -0.00091983966293016507 -0.022549579603540329 -0.011862507369052359 -0.0042519680406791858 0.0036645142574068261 -0.019662836420492106 0.0030572793944161781 0.0065006072135885204 -0.0025499141022787943 -0.01868739163590941 -0.00070266542180297265 -0.012226131486491492 0.0076264449530636831 -0.0015150697578482422 -0.01551586096957025 -0.0069121421404768875 -0.0065566195696994001 -0.004228987839623239 0.0084130116789865716 0.00080966125510515893 0.0098213372481471602 0.0057085682947694803 -0.014181685638790754 -0.0069305759792735559 0.0043722871172283042 -0.015924141099421363 0.00078243333968268836 0.017775351597273472
leaf_weight=87.680853098630905 60.161911308765411 127.19035989046097 109.21604156494141 128.46108524501324 88.111318454146385 116.67470790445805 1000.1602127701044 107.16971185803413 78.22131073474884 66.453864648938179 69.715687990188599 50.477497577667236 52.724574536085129 669.70410512387753 152.53334450721741 75.946417167782784 71.696209415793419 433.8605047762394 51.966598495841026 65.722596079111099 64.466129690408707 218.71521688997746 89.412941247224808 66.472262799739838 67.472734153270721 80.941629722714424 82.935700133442879 56.217021018266678 72.46259780228138 100.41640843451023 99.669766798615456 118.20757547020912 61.476301491260529 94.449327543377876 129.20442147552967 52.977403804659843 87.724330812692642 82.219688102602959 173.44508631527424 63.480067700147629 372.37126262485981 52.235093533992767 282.63077402114868 54.230639353394508 107.95968051254749 101.21832637488842 327.36848865449429 67.456091985106468 89.7123182117939 55.956913039088249 77.924426481127739 60.685436442494392 130.35266843438148 129.2072399109602 68.223648846149445 53.47438733279705 153.19383625686169 50.231647655367851 51.479284852743149 74.218717962503433 50.235429793596268 66.4143096357584
leaf_count=351 242 509 437 515 353 467 4005 429 313 266 279 202 211 2680 611 304 287 1739 208 263 258 877 358 266 270 324 332 225 290 402 399 473 246 378 517 212 351 329 694 254 1490 209 1131 217 432 405 1312 270 359 224 312 243 522 517 273 214 613 201 206 297 201 266
internal_value=6.01995e-05 -0.0013241 -0.00176521 -0.0012608 -0.00155373 0.00453657 0.00340275 -0.000834778 0.00316908 0.00854337 -0.00016224 -0.00655651 -0.00136281 -0.00117296 0.00411602 0.00301837 -0.0049159 0.00383764 -0.00153974 -0.00236468 0.00123883 0.00806165 0.00544081 -0.00674673 -0.00874274 0.00464869 -0.0108346 -0.00359728 -0.00677665 -0.00263086 0.000400269 -0.00347017 -0.00536938 -0.00275152 -0.00823489 -0.0111448 -0.00156705 -0.00440848 -0.00110476 -0.0109958 0.000853075 -0.00498793 -0.000181354 -0.0107991 -0.00889391 -0.00629622 0.00728724 -0.0132054 -0.00953063 0.00255301 0.00399648 0.00119995 0.00438133 -0.00524518 -0.00649514 -0.00490562 -0.00726595 0.00269243 -0.00938417 -0.005184 -0.0091613 0.00934983
internal_weight=8003 5658.66 5263.1 4779.84 4651.38 395.552 2344.34 3893.92 452.98 173.624 279.356 120.193 3440.94 3388.22 2127.98 1581.66 147.643 1434.02 3210.7 2476.52 734.17 278.877 177.524 483.265 374.049 159.163 306.576 216.36 160.143 2424.56 525.006 1899.55 949.869 497.033 452.836 323.632 949.683 437.352 291.653 145.7 512.331 139.959 377.08 119.953 270.654 209.178 546.316 240.104 157.168 425.336 369.379 268.963 191.038 757.455 628.247 501.057 382.602 118.455 329.127 175.933 124.454 393.783
internal_count=32040 22650 21064 19130 18615 1586 9390 15584 1813 695 1118 481 13771 13560 8524 6335 591 5744 12849 9911 2938 1119 711 1934 1497 637 1227 866 641 9703 2102 7601 3801 1989 1812 1295 3800 1750 1167 583 2050 560 1509 480 1083 837 2189 961 629 1703 1479 1077 765 3031 2514 2005 1531 474 1317 704 498 1578
is_linear=0
shrinkage=0.03


Tree=12
num_leaves=63
num_cat=0
split_feature=12 19 5 18 3 23 13 2 18 8 11 22 19 22 21 11 18 13 1 13 3 20 11 17 17 11 23 2 22 12 19 9 12 21 22 24 19 23 6 20 19 23 6 6 1 3 8 8 2 21 8 24 11 8 5 23 3 3 23 1 23 23
split_gain=29.4437 18.9942 16.4606 14.88 17.0686 19.2181 12.9872 11.5656 10.7876 13.8523 9.92812 25.6483 9.37011 9.36059 9.17029 14.6664 9.71683 10.0085 8.78037 9.57093 8.6128 14.1272 8.60853 7.88376 9.87755 10.444 9.38625 9.32586 8.1753 7.77108 7.71821 7.6314 7.144 6.99149 6.73705 6.40888 6.38497 6.16521 6.14461 15.1732 14.5161 8.82439 8.55011 8.42403 7.95573 7.38213 7.36468 7.60585 6.47312 6.34762 6.21971 6.05858 5.97392 6.93676 6.16325 8.8511 5.70709 8.63212 7.86684 7.76217 6.18481 5.87414
threshold=0.99982782338539444 7.0749303180760945 -0.28533979448229768 -0.691423722331861 0.37922791613101514 2416.0987531790784 -1.0341702997327109 0.32940288298678766 2.506548250088219 -0.12503864443900722 1.0017412447678471 150.01559431413662 0.084465298317892332 31.523326188247456 368.03319296384359 1.0051455055695311 4.3347304051401867 0.20380670361564099 0.078868388351706439 -0.18756231514422553 0.42843689195161255 1.9866705039117802 1.001709511395761 -0.052589540137123351 0.49019981444484978 1.0005793084614134 10.228405940487452 9.3607726009858684e-06 29.413463319125849 1.0036670064330437 -0.016014177287877181 -0.10250695467036162 1.00084457227011 8.3935710005570581 150.01559431413662 127.80644343101426 0.8234952988887061 50.891833476425468 0.078093583149746473 0.22418190196057775 -0.12802040169908066 366.64087459555793 0.12968557207013734 0.062707531152850229 0.033985393057317952 0.12776419548792148 0.012960609640688682 0.11953187992811422 0.03488155624028548 -82.40727644842157 -0.25570327637023932 44.572780047146857 0.99866772545410221 0.16806453774632638 0.019144070189713872 108.40101827977978 0.092764043915767216 0.10689135200819525 7.8691639270427034 0.018083973867713047 -12.096647272214355 171.46129992575533
decision_type=2 2 2 2 2 2 2 2 2 2 2 2 2 2 2 2 2 2 2 2 2 2 2 2 2 2 2 2 2 2 2 2 2 2 2 2 2 2 2 2 2 2 2 2 2 2 2 2 2 2 2 2 2 2 2 2 2 2 2 2 2 2
left_child=1 3 -2 12 10 6 -6 14 9 -8 38 51 13 -1 15 20 -16 -18 31 -20 23 -22 33 27 26 35 30 32 -27 -30 -25 -10 -4 -11 -35 37 56 -26 40 41 43 42 48 45 -44 -5 -42 49 -40 -48 -41 -12 -28 54 -54 -56 -29 -58 60 61 -59 -60
right_child=2 -3 7 4 5 -7 8 -9 18 22 11 -13 -14 -15 16 -17 17 -19 19 -21 21 -23 -24 24 25 28 52 36 29 -31 -32 -33 -34 34 -36 -37 -38 -39 39 50 46 -43 44 -45 -46 -47 47 -49 -50 -51 -52 -53 53 -55 55 -57 57 58 59 -61 -62 -63
leaf_value=0.015503422456004355 0.0058301208228444387 -0.012738936839771189 0 0.0035056840042447576 -0.010463521085167524 0.023108532223572106 0.015537624919577728 0.012122544559063328 0.013378639475294482 0.014850441219543924 0.0095625455185979792 -0.015004509934616795 0.021490384429599444 -0.0010379633783379493 -0.0073868401116026052 -0.010971956530922871 0.0082302285847290352 -0.0085363533641522465 -0.0080532356958541197 0.0063774405859389075 0.0086799384140049604 -0.0094103544599238656 -0.0031061641063329791 -0.0043783751451484292 0.0081330897230223985 -0.012802492583908583 0.0019633607247169739 0.0049665357296406944 0.00036043633932889647 -0.012164188095891919 0.010607337717154094 0.0010446712153685436 0.01399171789752229 0.010794360684253948 -0.0045720162197801029 0.0094211323680422881 -0.011316733282151877 -0.005211161466500646 0.007072148291984437 0.0092517589126911437 -0.0047469005644927651 0.016562442270057352 0.019354586117290844 -0.0025926754053461057 0.0033767103541459862 0.01543097336988692 0.012397674669276691 -0.0056879196087870846 -0.0053697479526168259 0.0010902217451718486 -0.0001648935376786204 -0.0017769401349059467 -0.013640928836291165 -0.0003424976315997311 -0.012483598116018572 -0.0028983674430470498 -0.011947034407591779 -0.00052839997123271939 0.00020569407395552126 0.0020175590426308983 -0.013363191117507944 -0.0092857262701238775
leaf_weight=55.10747341811657 250.27139660716057 76.714574590325356 60.911581680178642 99.879367560148239 49.942161157727242 52.149930968880653 159.09886395931244 50.691376626491547 76.409217342734337 79.285687685012817 71.709551468491554 122.94439543783665 52.336481690406799 68.88352470099926 519.43156646192074 144.92382897436619 81.721742928028107 52.473865672945976 121.39444980025291 62.419529169797897 168.99844504892826 50.211225435137749 91.385779783129692 70.198544189333916 49.949971750378609 68.957965433597565 64.205312982201576 155.49886158108711 299.1115155518055 52.215421110391617 54.95607203245163 111.62670563161373 70.93700036406517 50.136557281017303 52.131217628717422 118.89943271875381 50.215199589729309 82.4241633862257 72.939508825540543 68.664067938923836 472.10774376988411 83.891457423567772 57.921533867716789 76.932177305221558 55.417291834950447 89.176642671227455 61.196153610944748 102.66069693863392 77.430798053741455 167.58771650493145 764.01198089122772 102.7043105661869 172.59475183486938 100.70005866885185 144.66697877645493 219.12806740403175 62.962407872080803 65.203692972660065 123.17718587815762 708.21966876089573 71.203017219901085 110.93994654715061
leaf_count=221 1003 307 244 400 200 209 638 203 306 318 287 492 210 276 2079 580 327 210 486 250 677 201 366 281 200 276 257 623 1197 209 220 447 284 201 209 476 201 330 292 275 1890 336 232 308 222 357 245 411 310 671 3059 411 691 403 579 877 252 261 493 2835 285 444
internal_value=5.82987e-05 0.00201784 -0.00163152 0.00233092 0.00189562 0.00543239 0.00434668 -0.00209398 0.0052717 0.00849678 0.000636321 -0.00451228 0.0108327 0.00629621 -0.00227542 -0.00163834 -0.00552688 0.00165026 0.00151525 -0.00313575 -0.0012139 0.00452017 0.00437744 -0.00163723 -0.00317128 -0.000463805 -0.00536737 -8.16164e-05 -0.00336035 -0.00149541 0.0021812 0.00607703 0.00752777 0.00816049 0.0029352 0.00436849 -0.000828945 -0.000150866 0.00131832 0.00281094 -0.000326155 0.00807527 0.0053587 0.00574397 0.0115785 0.00915182 -0.00233966 0.00108055 0.000646143 0.00413199 0.000609037 0.00287086 -0.0067189 -0.00759877 -0.00895512 -0.00672066 -0.000419806 -0.00115642 -0.000522777 0.000449205 -0.0072549 -0.00428119
internal_weight=8002.2 3706.2 4296 3629.48 3453.16 905.98 853.83 4045.73 803.888 432.038 2547.18 297.358 176.327 123.991 3995.04 3341.41 653.627 134.196 371.85 183.814 3196.49 219.21 272.939 2977.28 1498.01 671.558 826.45 1479.27 420.285 351.327 125.155 188.036 131.849 181.553 102.268 251.274 1347.42 132.374 2249.82 1180.28 1069.54 347.601 263.709 265.988 113.339 189.056 803.552 331.445 150.37 228.784 832.676 174.414 701.295 637.09 536.39 363.795 1297.2 1141.71 1078.74 942.337 136.407 234.117
internal_count=32040 14842 17198 14535 13828 3630 3421 16195 3221 1732 10198 1190 707 497 15992 13376 2616 537 1489 736 12796 878 1094 11918 5996 2688 3308 5922 1682 1406 501 753 528 728 410 1006 5394 530 9008 4726 4282 1392 1056 1065 454 757 3217 1327 602 916 3334 698 2807 2550 2147 1456 5193 4570 4318 3772 546 937
is_linear=0
shrinkage=0.03


Tree=13
num_leaves=63
num_cat=0
split_feature=10 14 14 23 23 2 1 6 21 23 1 13 13 11 18 23 10 23 7 10 14 1 21 16 24 16 14 18 22 23 17 23 22 6 9 2 1 24 17 21 21 10 22 20 6 11 11 11 10 1 5 1 1 13 2 13 2 20 1 22 10 7
split_gain=36.878 13.7077 12.0662 9.39729 9.49833 8.55476 12.4622 8.28761 9.73504 9.11123 8.15411 8.44099 11.1714 9.77676 7.34588 7.26269 9.88132 10.8297 11.7991 8.04377 11.0232 7.17044 8.28528 7.12224 11.8971 6.99602 9.80078 6.64614 7.07313 6.41321 6.98544 6.3351 6.32059 7.29486 7.13021 6.21624 8.04717 6.08637 6.07821 7.5897 6.11282 5.76342 7.31458 5.70222 6.15034 6.12438 6.74832 8.94584 6.43815 6.87471 8.5003 8.27897 7.47462 6.61487 5.73745 9.66815 6.19238 5.61006 7.76151 5.8019 9.21838 7.58459
threshold=0.99860809969434972 74.106669418835182 20.207085967900479 -42.070852507009732 841.77972063857226 0.001728688925100566 8.4503970987503516e-06 0.057754125804609931 43.640217839831585 2889.2730313284274 0.10387676616957016 0.090924597310408251 0.10003466369125395 1.003756245676735 6.3405410904133248 4354.2470149997125 0.99250058749047498 1322.9345723356023 -0.12031975067876009 0.99604521040157457 27.021590236099893 0.19580077202545773 78.924571331713167 -0.35216649458740018 352.34184960442229 -0.70168591250008172 63.216336570475185 -0.67460308141084435 8.948970289762963 568.54005136704541 -0.51883207379079921 3.2595684070099451 52.004983731253944 0.075476746463709624 0.0065989441561331583 0.0074306565763835519 0.058694595232090314 29.406347439607583 0.67229808773454536 173.47056540899399 -35.581023798372996 0.99486323533667154 185.34242572144319 0.18152794521384955 0.032943071480473492 1.0022543182674988 1.0015168191748813 1.0005235083091983 1.000533118980274 0.025643996244448956 -1.0000000180025095e-35 0.060744720005828659 0.0057890757784158321 -0.016591330661760311 0.094006316668105938 -0.081308233032710703 0.05988135288504768 0.04270222594596635 0.14877667260463309 182.52039523357897 1.0046390548724946 0.070096949485676255
decision_type=2 2 2 2 2 2 2 2 2 2 2 2 2 2 2 2 2 2 2 2 2 2 2 2 2 2 2 2 2 2 2 2 2 2 2 2 2 2 2 2 2 2 2 2 2 2 2 2 2 2 2 2 2 2 2 2 2 2 2 2 2 2
left_child=2 3 29 -2 5 6 -5 9 -9 -6 11 27 -13 23 31 16 -4 18 21 20 -20 22 -18 24 25 26 -14 28 -7 30 -1 -12 33 -8 -34 36 -21 -27 39 40 -37 -22 -43 45 -45 46 47 48 49 50 52 53 -29 -51 56 -56 -46 58 -33 60 61 -59
right_child=1 -3 15 4 7 10 32 8 -10 -11 14 12 13 -15 -16 -17 17 -19 19 35 41 -23 -24 -25 -26 37 -28 43 -30 -31 -32 57 34 -35 -36 38 -38 -39 -40 -41 -42 42 -44 44 54 -47 -48 -49 -50 51 -52 -53 -54 -55 55 -57 -58 59 -60 -61 -62 -63
leaf_value=-0.00019171486562074124 0.010858154425280929 -0.0059820427103174671 -0.0026217012399143745 0.01319959426458402 0.002342727631299384 0.013452172012090114 -0.00093002092257455954 0.0092036325518209516 -0.00044160867635635408 -0.011464535808449678 -0.0055854414866384995 -0.017279230587112341 -0.0069214471201946475 -0.015143577964834655 -0.010077659822216596 0.014843251278398008 0.0056762699099561983 -0.0049935529265186093 -0.0035710561921839844 0.0021975083749159185 0.0050280730326843198 0.018217842899600691 0.01614229831301359 -0.0008327811584055235 -0.01854857520349695 -0.016905475762776269 0.0074695788804927769 0.0045993575987559755 -3.6940907640670889e-05 0.0051625993330514028 -0.012759717196543549 -0.011544435787784198 0.0019822800514302861 0.010186542998999404 -0.0051138686317463598 9.3299550028446795e-05 0.016927271985482224 -0.0046251028671771329 -0.0077362854655578777 -0.0025571639224573543 0.0073793545891815094 0.024343354786028094 0.0083865116878185531 0.006766283264905742 -0.001160231090184104 0.0044706508813469473 -0.01377065519992569 0.001515288332791321 -0.01574590230582212 0.01004977515874643 -0.016719133708822467 -0.0090160592849215827 -0.01165624091248977 -0.0041776988613631584 -0.0037425330355390215 0.0099882911481827784 -0.0079642355369121606 0.0040783597219377597 0.003756730157964904 -0.00011366486625574535 -0.0041504513338512143 0.014719987024684614
leaf_weight=78.944254443049431 61.430934384465218 502.87441435456276 204.74581472575665 73.372335195541382 123.42832620441914 51.610666573047638 106.32759764790535 227.00778396427631 159.91004565358162 65.718664720654488 93.396533206105232 61.713843807578087 84.937393799424171 67.216239675879478 51.482942432165146 53.380809500813484 498.7819609194994 105.81207002699375 55.918946772813797 96.618129372596741 71.579590141773224 58.063708424568176 79.31706665456295 491.24084842205048 59.968673154711723 51.711645975708961 85.195879980921745 51.413127273321152 106.80498701334 56.203085035085678 81.203893005847931 52.9615538418293 252.78709165751934 105.16465513408184 256.05053709447384 195.20136573910713 51.405301988124847 125.66437724232674 70.901881754398346 257.39595584571362 222.88347938656807 50.878838554024696 54.383925154805183 92.102936893701553 626.82742039859295 68.463366851210594 69.719865649938583 188.90101784467697 56.708126962184906 68.202997073531151 75.684446305036545 70.706597596406937 49.949203446507454 51.216633647680283 88.160416901111603 96.187772765755653 149.40661387145519 123.36669094860554 67.689518004655838 169.61629216372967 55.7035021930933 119.88011726737022
leaf_count=316 246 2013 820 294 494 207 426 909 640 263 374 247 340 269 206 214 1999 424 224 387 287 233 318 1966 240 207 341 206 428 225 325 212 1012 421 1025 782 206 503 284 1031 893 204 218 369 2509 274 279 756 227 273 303 283 200 205 353 385 598 494 271 679 223 480
internal_value=5.66167e-05 -0.0012538 0.00322138 -0.000791868 -0.000933172 -0.00139623 0.00142917 0.00269258 0.0052105 -0.00244224 -0.00199928 -0.00269512 -0.00489896 -0.00410317 0.000830558 0.00390854 0.00362494 0.0043109 0.00487119 0.0030229 0.00799312 0.00814032 0.00711998 -0.00327252 -0.00620549 -0.00406212 0.00026753 -0.00153912 0.0043445 -0.00351995 -0.00658709 0.00165901 0.000224416 0.00458572 -0.00158296 0.00172534 0.00734106 -0.0082297 0.000606773 0.00148796 0.00398555 0.0116667 0.0161435 -0.00205776 -0.000629552 -0.00405545 -0.00491565 -0.00390118 -0.00632188 -0.00485432 -0.00910831 -0.000874496 -0.00338508 0.00392441 -0.00134244 0.0034071 -0.00247456 0.00281317 -0.00293909 0.00430103 0.00681503 0.00933913
internal_weight=8001.5 5657.88 2343.62 5155.01 5093.58 4517.51 793.702 576.065 386.918 189.147 3723.81 2989.72 1027.65 965.935 734.097 2127.27 2073.89 1869.14 1763.33 1127.17 232.761 636.163 578.099 898.719 407.478 347.509 170.133 1962.07 158.416 216.351 160.148 682.614 720.33 211.492 508.838 894.406 148.023 177.376 746.383 675.481 418.085 176.842 105.263 1803.65 1052.69 750.965 682.502 612.782 423.881 367.173 177.047 190.126 101.362 119.42 960.582 184.348 776.234 589.218 120.651 468.567 298.95 243.247
internal_count=32040 22650 9390 20637 20391 18085 3178 2306 1549 757 14907 11968 4113 3866 2939 8524 8310 7490 7066 4516 933 2550 2317 3597 1631 1391 681 7855 635 866 641 2733 2884 847 2037 3583 593 710 2990 2706 1675 709 422 7220 4214 3006 2732 2453 1697 1470 709 761 406 478 3845 738 3107 2359 483 1876 1197 974
is_linear=0
shrinkage=0.03


Tree=14
num_leaves=63
num_cat=0
split_feature=12 19 0 3 18 4 7 17 7 2 8 16 8 7 21 11 22 9 4 8 4 4 12 12 11 2 17 22 16 7 19 20 6 12 8 18 11 6 20 7 7 7 8 11 22 16 6 22 22 12 2 9 20 8 12 3 2 3 8 8 19 4
split_gain=26.5468 17.7242 15.0856 13.6519 18.1996 11.6141 12.4919 12.0635 12.0845 12.1505 10.6943 10.3507 9.63026 10.5673 9.56304 8.59503 21.3726 8.27396 7.57312 6.98694 6.9799 9.06616 7.46203 6.75359 6.73683 6.63326 6.54454 9.90712 6.46922 9.24485 9.78802 9.51387 15.6389 9.1637 8.83383 8.81552 6.69813 6.50574 6.42282 7.02225 8.55639 11.2717 7.7796 11.4047 7.02709 6.5034 6.28087 6.50614 7.49508 7.87855 6.11351 7.02673 6.04432 6.01572 9.6972 9.00575 8.26156 7.90117 9.70087 12.3821 10.8673 6.93957
threshold=0.99982782338539444 5.2902566962285418 -0.28533979448229646 0.37922791613101514 -0.76801660330759913 0.073419345634166425 -0.1300431329346263 -0.086555978425628136 0.4280623125516137 9.3607726009858684e-06 -0.11526683460044705 3.5953533080863544 -0.12503864443900722 -0.27662796740842149 108.24937670069092 1.0017412447678471 150.01559431413662 -0.084401462009447967 0.30614973312648708 0.14573053351812917 0.099648237325060757 0.12467177476806038 0.99922346336861068 1.000380100807607 1.0014215285743637 0.15972363329061259 -0.0055844834159908549 38.65756221132073 -0.34454583844378234 -0.14403187617962329 -0.68986221972722361 0.22418190196057775 0.10211914584887795 0.99922346336861068 0.082563373056421266 0.084098095754564686 0.99654529498268341 0.10006589198969242 0.98430997189008462 -0.078832395074185366 0.08804686397306806 0.049160671160919385 -0.14400846877991033 1.000158441309942 71.24044302055016 0.37188702167112275 0.11160239551140096 3.2595684070099451 366.64087459555793 1.0018747266753396 0.0096545216096871715 -0.034627358100197674 0.088980740595240707 0.24041674519934556 1.0021228245673945 0.21261733026828145 0.16253814764943056 0.069025071771741511 0.03088449018812112 0.053694274787441383 -0.12802040169908066 0.20519197475754389
decision_type=2 2 2 2 2 2 2 2 2 2 2 2 2 2 2 2 2 2 2 2 2 2 2 2 2 2 2 2 2 2 2 2 2 2 2 2 2 2 2 2 2 2 2 2 2 2 2 2 2 2 2 2 2 2 2 2 2 2 2 2 2 2
left_child=1 3 -2 4 52 23 -7 8 9 14 -9 12 -5 -14 -8 20 -17 -3 -13 -15 -6 22 -22 -4 -21 -20 27 -12 35 36 -31 32 34 50 -32 -23 -30 -37 39 -11 41 46 -42 -44 -43 -45 47 -41 49 -49 -33 -52 -1 55 -55 57 61 -28 -59 -60 -61 -57
right_child=2 17 5 11 15 6 7 10 -10 38 26 18 13 19 -16 16 -18 -19 25 24 21 28 -24 -25 -26 -27 53 -29 29 30 31 33 -34 -35 -36 37 -38 -39 -40 40 42 44 43 45 -46 -47 -48 48 -50 -51 51 -53 -54 54 -56 56 -58 58 59 60 -62 -63
leaf_value=0.0039667672402261918 0.0055948664877026096 -0.0012599627809752963 0.014998493652969644 0.011430567974925062 0.007927441932934251 0.0013526715827810742 0.014009140326852252 -4.8811111625895658e-05 0.013085142959216679 0.0051245170089714081 -0.0025105233442459609 0.0084292108294587078 0.013478992173360555 -0.0015852771311377423 -0.002540050940055882 0.002567640209533368 -0.013701288376217311 -0.018073950394641485 -0.013589602650940193 0.012501775032041345 -0.012375150874437246 0.0014536729717395853 0.0013310762393395667 -6.6585087363446284e-05 -0.00024689796627188829 0.00085711919766258654 0.0025015981265794959 -0.01989000887924338 -0.003695703264329297 0.0059906793453059987 -0.0057968359240414651 0.0047067762325897679 0.0075921667073787745 -0.017738060772761077 0.0054408117516257419 0.017603088707622668 0.0074324896795295607 0.0056561819102954472 -0.0074154313130071038 -0.0086332965038989039 -0.007921252166655306 -0.019174575143501776 0.013217708086284346 -0.0030772689320473492 -0.0055742527077588472 0.0085711475999043392 -0.0079343341171508111 0.00088114320528540177 -0.0068069067218305759 0.013998302714878232 -0.011971572189401355 -9.0411813188550201e-05 0.017354533937625673 -0.00076678643617940367 -0.016650328585682637 0.0066464200921453626 -0.013007088765599691 -0.011417613882051413 0.0096754424858273465 -0.017636519546018494 -0.0020985157614285786 -0.0022216869845408326
leaf_weight=50.369912028312683 250.17190842330456 50.475171327590942 55.552392989397049 277.99688678979874 134.13484252989292 706.71680644154549 76.157663613557816 353.79447826743126 52.441734418272972 125.61532358825207 51.694393575191498 50.183200523257256 90.203027501702309 207.10728372633457 52.953131631016731 176.39661379158497 123.19487477838993 55.97171825170517 50.960087850689888 84.512307092547417 81.452524840831757 514.62789402902126 62.974768936634064 50.863190770149231 65.904336601495743 64.199392154812813 71.402677536010742 70.19218909740448 62.417741239070892 142.35749514400959 305.55882389843464 52.703893378376961 163.50786298513412 56.472063630819321 78.940196931362152 54.702163279056549 215.42221044003963 169.77849797904491 198.13001246750355 64.190409302711487 69.435044586658478 66.698861733078957 76.443468824028969 171.89135682582855 71.959266811609268 57.466193601489067 129.16693921387196 131.87862581014633 64.215030387043953 60.221686482429504 104.17954538762569 79.444387629628181 79.197186231613159 54.729598701000214 95.911686480045319 102.96148355305195 50.211901500821114 327.01742175221443 50.716161713004112 59.203699633479118 129.68804962933064 345.79770161211491
leaf_count=202 1003 202 223 1115 538 2830 305 1416 210 503 207 201 362 830 212 706 493 224 204 339 326 2061 252 204 264 257 286 281 250 570 1223 211 655 226 316 219 863 680 793 257 278 267 306 688 288 230 517 528 257 241 417 318 318 219 384 412 201 1309 203 237 519 1384
internal_value=5.48714e-05 0.0019158 -0.0015497 0.00227342 0.00121198 -0.0019924 -0.00225728 -0.00304754 -0.00103671 -0.00156257 -0.00472072 0.00549516 0.00703893 0.00430349 0.00720177 0.000659173 -0.00411463 -0.0101379 -0.00126283 0.00197701 0.00128828 0.000871274 -0.00638127 0.00777641 0.00689962 -0.00551602 -0.00589116 -0.0125517 0.00139677 8.80492e-05 -0.00127512 -0.00250943 -0.000170903 -0.00687445 -0.00348106 0.00362522 0.00492128 0.00858734 -0.0024444 -0.00153679 -0.00240874 -0.00466715 0.00112451 0.00319016 -0.0121472 -0.000143187 -0.00235181 -9.08633e-05 0.0020393 0.005014 -0.00425942 -0.0068504 0.0121802 -0.00525743 -0.0109039 -0.00450579 -0.00147854 -0.00686795 -0.00805417 -0.00344838 -0.00699117 -0.000179313
internal_weight=8000.84 3705.35 4295.49 3598.9 2707.83 4045.32 3938.9 3232.19 1468.86 1416.42 1763.32 891.067 725.724 447.727 129.111 2578.27 299.591 106.447 165.343 357.524 2278.67 2144.54 144.427 106.416 150.417 115.159 1409.53 121.887 2000.11 1261 983.164 840.807 548.007 292.8 384.499 739.109 277.84 224.481 1287.31 1089.18 963.567 588.331 375.236 305.801 138.658 229.358 449.673 320.506 256.315 192.1 236.328 183.624 129.567 1287.64 150.641 1137 498.971 638.028 566.625 239.608 188.892 448.759
internal_count=32040 14842 17198 14416 10844 16195 15768 12938 5880 5670 7058 3572 2910 1795 517 10324 1199 426 662 1433 9125 8587 578 427 603 461 5642 488 8009 5049 3936 3366 2194 1172 1539 2960 1113 899 5153 4360 3857 2355 1502 1224 555 918 1800 1283 1026 769 946 735 520 5154 603 4551 1997 2554 2268 959 756 1796
is_linear=0
shrinkage=0.03


Tree=15
num_leaves=63
num_cat=0
split_feature=11 12 10 11 7 18 22 14 6 18 0 22 7 13 7 11 1 24 14 22 23 12 2 8 8 12 14 24 23 2 12 12 7 2 8 14 6 7 13 13 7 2 18 11 6 22 8 9 2 22 2 18 23 7 17 7 8 2 7 7 17 18
split_gain=21.5315 17.4133 13.0008 12.1157 11.554 11.2274 12.245 10.4817 12.0843 10.3393 10.3137 9.77836 9.61698 13.686 9.81794 8.98133 10.2581 8.95725 12.5143 15.3358 10.8838 8.52089 8.46386 7.44154 7.46958 7.41968 9.53579 7.04732 11.9287 8.65469 7.18438 8.46487 11.5334 8.15008 6.73908 7.92293 6.89862 6.69113 6.68604 8.96576 10.2646 6.57915 7.64061 7.78606 7.63749 6.95825 6.56706 9.10425 10.8954 7.15276 8.7003 6.82863 6.50316 6.47517 6.4375 6.26937 6.90892 9.86511 7.24228 5.76309 5.67991 5.62445
threshold=0.99869613693310011 0.99696053455000444 0.99160416562433473 0.99905260195398671 -0.31877286973714386 -0.65514336823914354 83.386986392751155 75.655645224479727 0.37656938078556307 6.0936129379882624 0.14287026648231305 878.28104295749131 -0.01015079820363418 0.42322401342268584 0.08804686397306806 1.0060271017839455 0.094346646844578538 389.11174671975317 37.610491819146297 45.839149360235659 171.46129992575533 0.99600593382073754 0.0069968045790384384 0.25361783832005275 0.1787989536785162 0.99927617251192802 63.216336570475185 908.43356014209292 389.11174671975317 0.036856665862463063 1.0005492852381632 1.0013093341297017 -0.12031975067876009 0.069448019046494822 -0.0057156258599255763 53.171916210996272 0.046554216571675917 0.19863268700058836 -0.070349353254558225 0.23612440625835376 0.19034456262878588 0.012286875313900185 0.51735732275721558 1.0011069544661531 0.068462251327716675 101.68640146697625 0.055493358057345794 0.068414082447576532 0.07898685713376967 50.885357791570819 0.082642837990375348 0.99465939693870842 103.47433282652712 0.035579118608763956 -0.069924610120088992 -0.17722216911690289 -0.04840444853870806 0.044866880918091774 -0.051547309483251917 0.068420841422678361 0.80826893571113023 0.41740777380300176
decision_type=2 2 2 2 2 2 2 2 2 2 2 2 2 2 2 2 2 2 2 2 2 2 2 2 2 2 2 2 2 2 2 2 2 2 2 2 2 2 2 2 2 2 2 2 2 2 2 2 2 2 2 2 2 2 2 2 2 2 2 2 2 2
left_child=2 3 11 -2 60 6 25 12 10 37 -9 -1 13 22 23 16 -16 18 19 59 -21 -20 34 24 41 -6 -27 28 30 -30 55 -32 33 -33 35 -7 -36 46 -18 40 -40 61 43 45 -44 -43 47 48 -4 -49 51 -51 -38 -47 -8 -24 57 -57 -58 -5 -3 -14
right_child=1 4 9 17 5 7 54 8 -10 -11 -12 -13 14 -15 15 -17 38 -19 21 20 -22 -23 27 -25 -26 26 -28 -29 29 -31 31 32 -34 -35 36 -37 52 -39 39 -41 -42 42 44 -45 -46 53 -48 49 -50 50 -52 -53 -54 -55 -56 56 58 -59 -60 -61 -62 -63
leaf_value=-0.0068502965285144532 0.017567566046809983 0.0013624766188264905 -0.0012676575194947462 0.011095957809236548 0.017221299401583155 0.0020757812762336849 0.0055012375593566651 -0.0053491161837120266 0.0069591476543114728 -0.003981640869955178 -0.016978990008139471 0.0077077226907401814 0.0025365244338075789 0.013612879445203851 -0.0019941574913869553 -0.010437993738885274 -0.0036576697884323998 0.010683406211614293 0.01261673470263242 -0.016235895625917814 0.0010228184481782009 -0.0006074245157623448 0.01023983850314009 -0.014877533288921328 0.0059371238011117471 0.0002007846583517338 0.015655779038387364 0.0048736191224313472 -0.00096116604518498049 -0.014676735864396726 -0.010200808829486398 -0.016330435752117494 0.0032012357998879278 0 0.0097882054494642327 0.015015696565000011 -0.0082138827184256805 0.013051233665041259 0.0023149075249960715 -0.001763109690430655 0.015790402421846449 -0.010994935344552145 0.0027787355500696683 -0.017283305134701329 -0.0061651162194585503 -0.0073644474302438541 0.0075670439790638012 -0.00037076967119259929 0.0056952409993335602 0.0078792896845162556 0.0032815723560164975 0.021811051097050768 0.0025401397846005571 0.0050504750054506569 -0.007607666130533413 -0.014882010598929414 -0.0012295578608406371 0.0016884838689142246 0.0075790339154921393 -0.002194433556945638 0.015602765143643461 -0.004507287948095115
leaf_weight=192.30340294539928 54.115960627794266 50.164801210165024 551.24397258460522 60.132673591375351 56.032578900456429 96.345711156725883 50.148360908031464 231.26485012471676 49.963395148515701 145.29797174036503 98.382062703371048 52.692517250776291 177.72216102480888 65.437793210148811 950.31727950274944 83.952697604894638 83.40398208796978 101.79059441387653 101.50820806622505 91.125028073787689 50.912476614117622 76.399074241518974 62.167855739593506 59.714725360274315 63.96539144217968 125.7368336468935 50.435904443264008 136.40252396464348 67.198535338044167 109.9206785261631 132.89464984834194 60.214161887764931 197.63953533768654 50.719680368900299 53.401658356189728 77.182620376348495 92.17333547770977 76.215629354119301 97.17979733645916 93.151572272181511 108.14122292399406 176.82400026917458 130.88846042752266 81.922610446810722 247.86591592431068 92.179689645767212 345.89869323372841 80.521779417991638 318.9572681337595 62.106981068849564 99.478379741311073 66.864321336150169 111.41475495696068 63.710723042488098 101.38260379433632 58.696050763130188 207.31115885078907 71.186064705252647 140.60099531710148 56.647695973515511 51.655472129583359 238.28673741221428
leaf_count=770 217 201 2208 241 225 386 201 926 200 582 394 211 712 262 3804 336 334 408 407 365 204 306 249 239 256 504 202 546 269 440 532 241 791 203 214 309 369 306 389 373 433 708 524 328 992 369 1387 323 1278 249 399 268 446 255 406 235 830 285 563 227 207 954
internal_value=5.64694e-05 -0.000840573 0.00275945 0.00403951 -0.00137624 -0.00156897 0.00336994 -0.00195487 -0.00674547 0.00366813 -0.00883321 -0.00370512 -0.00155351 0.000155611 -0.00266793 -0.000925757 -0.000323321 0.00267148 0.000795199 -0.003407 -0.0100321 0.00692385 -0.000353771 -0.00451621 -0.00402683 0.00770159 0.00464873 -0.00156684 -0.00232805 -0.00949349 -0.00103101 -0.00387097 -0.00113273 -0.00887705 0.00328755 0.00785386 0.000190696 0.00436433 0.00382621 0.00592805 0.0094312 -0.00455675 -0.00616007 -0.00897727 -0.0030665 -0.00691852 0.00392741 0.00285666 0.00128139 0.00728178 0.00999119 0.0151367 -0.0023156 -0.00227139 -0.00324879 0.00128565 0.0001124 -0.00578263 0.00232277 0.00462704 0.00862452 -0.00149102
internal_weight=7989.51 5997.93 1991.58 592.632 5405.3 5303.48 383.736 4919.75 379.61 1746.58 329.647 244.996 4540.13 1790.91 2749.23 1416.15 1332.19 538.516 436.725 258.818 142.038 177.907 1725.47 1333.08 1273.37 232.205 176.173 1294.95 1158.55 177.119 981.43 441.468 308.573 110.934 430.518 173.528 256.99 1601.29 381.877 298.473 205.321 1209.4 793.391 414.637 378.754 332.714 1525.07 1179.17 870.201 308.971 228.45 128.971 203.588 155.89 151.531 539.962 477.794 129.882 347.912 116.78 101.82 416.009
internal_count=31998 24017 7981 2375 21642 21234 1538 19696 1520 7000 1320 981 18176 7170 11006 5669 5333 2158 1750 1037 569 713 6908 5337 5098 931 706 5184 4638 709 3929 1767 1235 444 1724 695 1029 6418 1529 1195 822 4842 3176 1660 1516 1332 6112 4725 3486 1239 916 517 815 624 607 2162 1913 520 1393 468 408 1666
is_linear=0
shrinkage=0.03


Tree=16
num_leaves=63
num_cat=0
split_feature=11 12 4 10 24 6 7 11 18 18 19 24 21 21 24 10 12 15 12 1 4 7 21 8 7 17 5 24 17 15 21 4 24 1 9 21 17 8 1 11 4 4 24 0 12 15 1 7 9 9 2 12 11 15 12 4 9 9 1 9 24 2
split_gain=20.2627 16.3889 14.4877 12.2342 12.1703 12.0863 11.9041 11.4134 9.73176 8.96836 9.84498 9.49325 9.25937 8.44494 8.43283 8.10082 8.00844 7.98081 7.57157 10.0586 10.8027 7.22953 8.70481 9.82793 13.3306 7.12868 15.2517 17.3925 10.3388 9.98698 8.27389 8.26622 8.25915 8.20351 8.57109 7.44863 8.39305 11.5702 7.42206 8.28058 7.33268 10.9276 7.54752 9.4082 8.16822 12.3739 10.4856 9.02703 7.9475 8.62527 7.2812 6.97948 8.31126 10.0331 6.88188 6.86601 12.2391 8.67819 6.85983 6.80724 6.70948 6.50559
threshold=0.99869613693310011 0.99696053455000444 0.099648237325060757 0.99160416562433473 274.86565004556496 0.060085749413285601 -0.31877286973714386 0.99905260195398671 6.0936129379882624 -0.65514336823914354 -0.55162640564479559 152.30712821546265 6.6890151094444343 -61.300341034328888 389.11174671975317 1.0011583899156353 1.0012153817691187 0.33339389307545414 0.99919914183000647 0.17340117550153131 0.54241724059482188 -0.28533979448229768 23.136295067498072 -0.28533979448229768 -0.17722216911690289 0.73682109673399354 -0.018487289341639897 89.220307788145149 -0.44792830913971748 0.790041133699806 184.18788214389846 0.22669628233503727 245.05277179534457 0.0081402019342656212 -0.14663486599534312 281.76965771172138 0.22692822273980787 0.01601109249385058 0.043914198758385904 1.0006970777421478 0.38640192791618849 0.34360940994292477 988.32429394406461 -0.045108781374760841 1.0013093341297017 0.6931855336520959 0.020956264865255866 0.040229567142779928 -0.013008866366076564 0.057090037104057252 0.075784882970387699 0.99866685805930466 0.99644339278676564 0.8327525022049197 1.0006533143499736 0.34136335426577585 0.077182974053413581 0.077182974053413581 0.024760362383525036 0.10544400987658743 185.34242572144319 0.028433424930198407
decision_type=2 2 2 2 2 2 2 2 2 2 2 2 2 2 2 2 2 2 2 2 2 2 2 2 2 2 2 2 2 2 2 2 2 2 2 2 2 2 2 2 2 2 2 2 2 2 2 2 2 2 2 2 2 2 2 2 2 2 2 2 2 2
left_child=3 7 4 -1 5 -3 13 -2 17 11 12 15 -11 -4 -9 58 -13 -5 21 20 55 60 23 -23 -25 26 28 35 40 -27 32 38 -30 -33 -35 36 37 -28 39 -31 41 42 43 44 45 48 -46 -47 -12 -50 -39 52 -24 -54 -40 56 -20 -57 -8 -42 -19 -41
right_child=1 2 6 8 -6 -7 9 14 -10 10 25 16 -14 -15 -16 -17 -18 18 19 -21 -22 22 51 24 -26 29 27 -29 30 31 -32 33 -34 34 -36 -37 -38 50 54 61 59 -43 -44 -45 46 47 -48 -49 49 -51 -52 -53 53 -55 -56 57 -58 -59 -60 -61 -62 -63
leaf_value=-0.0035933245280728998 0.01705583184267407 0.01130586366428224 -0.00013012336557138981 0.015113423427119735 -0.0036986066307346591 -0.0030538201538503978 -0.0061391926747121532 0.00077129703190769816 -0.0038617856681660142 0.0053057123644012546 0.0075721414076810583 0.0020414635399677991 -0.0020903699092510403 0.017086899380206653 0.010367703902878271 0.014726058703178342 -0.01264278563363659 0.019160006453094999 -0.0023132222895997376 0.013099277851718886 -0.012672907956266395 0.011974243007501934 0.015233780322580881 0.0079762077804237559 -0.0069859051937427169 0.0047974574223625223 -0.018083586408161545 -0.0028948844396940458 0.0067247349980663401 0.0060412916648695438 -0.0086638356441353388 0.011874655126381205 -0.0023192004171063143 -0.010021023245912279 0.0011924479082691204 -0.01805607628432801 -0.0047651038276665132 -0.00012834098033445254 -0.017421336250577079 -0.0012453739823654582 0.010312441806260461 -0.017928563215690332 0.0061530493624587278 -0.016550285291478582 -0.005773785963217511 -0.0047828320348669512 0.0085697403404931052 -0.018605496263232314 -0.014626264556162498 0.0014257508818127597 -0.013430349935093835 0.017123144284684866 0.012307371412234678 -0.0018590881753893654 -0.0039395523774171997 0.011150625651359965 0.0094615433026727942 -0.0030399475064453161 0.0074744588470803484 -0.00385612566221312 0.0045725699575887169 -0.014193846699303242
leaf_weight=245.01285889744759 54.071111410856247 206.54904095828533 51.411055222153664 58.565485298633575 122.3822707682848 70.385558247566223 52.901829868555069 436.68612064421177 145.31606842577457 272.70062406361103 68.199185818433762 89.583438590168953 344.25950114428997 50.376873448491096 101.74717092514038 72.64761945605278 52.960015252232552 66.250769674777985 407.79984930157661 65.025549292564392 49.839157059788704 58.323614627122879 65.301672056317329 82.041100844740868 153.71824416518211 227.55592250823975 138.60550482571125 913.85935273766518 278.79760590195656 72.198690235614777 54.215797573328018 49.96193964779377 134.13386997580528 76.452403634786606 307.54372261464596 76.681736916303635 324.22386556863785 84.183102115988731 73.715642765164375 89.702797293663025 63.860705316066742 49.963945433497429 66.953026995062828 52.720920458436012 85.714991092681885 85.695068269968033 98.196367800235748 85.948644235730171 50.975785106420517 72.701464295387268 66.682471439242363 62.363771662116051 67.561523824930191 133.47429287433624 64.717126399278641 125.68711343407631 98.565997198224068 55.602354049682617 89.037903651595116 57.903163284063339 50.841811120510101 57.715699449181557
leaf_count=981 217 830 206 235 490 282 212 1750 582 1092 273 359 1378 202 408 291 212 266 1633 261 200 234 262 329 616 911 555 3658 1116 289 217 200 537 306 1231 307 1298 337 295 359 256 200 268 211 343 343 393 344 204 291 267 250 271 535 259 504 395 223 357 232 204 231
internal_value=5.49033e-05 -0.000815305 -0.00133497 0.00267726 0.00416127 0.0076456 -0.00177409 0.00391956 0.00355893 -0.00198543 -0.00234534 0.00258772 0.00117422 0.00836989 0.00259188 0.00657773 -0.00339827 0.00423457 0.0038186 0.0017947 0.000792262 0.00600926 0.00471435 0.000952446 -0.0017654 -0.00289868 -0.00365521 -0.00561518 -0.00124507 -0.000736176 0.00232771 -0.00233026 0.00377985 0.000447369 -0.00103434 -0.00921079 -0.00809791 -0.0118176 -0.00570433 -0.00225603 -0.00323837 -0.00439603 -0.00337546 -0.00444431 -0.00327014 -0.00587812 0.00186889 -0.0117286 -0.000625494 -0.00517261 -0.00603269 0.00806962 0.00593281 0.00289063 -0.0111477 0.00177424 -1.38813e-05 0.00678249 0.00237869 0.00355252 0.012861 -0.00634134
internal_weight=7988.77 5997.48 5404.98 1991.29 399.317 276.935 5005.66 592.504 1746.28 4903.87 4546.74 357.131 616.96 101.788 538.433 214.587 142.543 1600.96 1542.4 802.52 737.494 739.877 622.784 294.083 235.759 3929.78 2910.22 1604.24 1305.98 1019.56 467.147 792.008 412.931 433.958 383.996 690.377 613.695 289.471 358.05 219.617 838.833 717.069 667.105 600.152 547.432 363.52 183.911 171.644 191.876 123.677 150.866 328.701 266.337 201.036 138.433 687.655 506.366 181.289 141.94 121.764 117.093 147.418
internal_count=31998 24017 21642 7981 1602 1112 20040 2375 7000 19632 18201 1431 2470 408 2158 860 571 6418 6183 3216 2955 2967 2497 1179 945 15731 11650 6422 5228 4081 1870 3170 1653 1737 1537 2764 2457 1159 1433 879 3358 2870 2670 2402 2191 1455 736 687 768 495 604 1318 1068 806 554 2755 2028 727 569 488 470 590
is_linear=0
shrinkage=0.03


Tree=17
num_leaves=63
num_cat=0
split_feature=10 3 3 16 14 15 10 10 22 18 9 22 4 18 4 3 16 9 4 10 4 19 17 4 12 13 4 18 4 17 13 14 21 6 1 4 10 15 4 5 18 15 14 15 9 21 14 15 22 22 12 3 4 9 22 17 10 20 6 3 16 12
split_gain=18.7696 12.9358 15.0069 13.6631 12.4073 10.9381 10.9241 10.6764 13.8706 10.3061 9.45977 8.97887 8.8098 8.61779 8.27464 8.238 11.9949 8.80962 9.76005 8.4513 8.06894 7.8544 8.96935 8.55047 8.71644 8.53055 7.69497 8.66311 7.48872 7.28825 7.13567 9.93687 7.03233 6.98052 8.59023 6.88827 9.02953 8.71304 6.74996 11.1234 6.53204 11.7284 7.16268 6.45712 7.53425 10.5837 7.68733 6.43086 6.38199 10.486 6.67203 9.7236 6.33369 7.87577 6.52054 6.32893 6.41847 6.27719 6.22021 6.14536 6.0249 5.39761
threshold=0.99870037048872395 0.061708683810814048 0.4117948194387267 0.85171155115934727 76.892133285055493 0.37412799974966343 0.99160416562433473 1.0021554506760044 54.333038542200413 2.3705621945706183 0.099287706533690581 878.28104295749131 0.19090427608588481 3.1806671287943113 0.27445080501268021 0.40036420366824937 0.033911850638442764 -0.10250695467036162 0.44425739523482349 0.9957061205606913 0.10920414447067915 -0.7417787116012694 -0.84141090294066401 0.22669628233503727 1.0014422405763186 0.077389038247154568 0.50785420869427544 2.4101447236607516 0.28032579625989279 -0.93094471691078795 0.43886042183881308 57.093715003193019 554.13226510392576 0.099064844351670636 0.20467824663454823 0.12312421204230907 0.99931393082155806 0.55541068725246556 0.13006510844485156 -0.15004830399834576 0.47761784895067544 0.84723926939007599 40.212704531638501 0.50204845328161907 -0.06469367254684498 -7.6150747370809571 69.921006917341558 1.6584851459539947 61.742054965783161 137.42444253661287 0.99841725795798053 0.20322196552003849 0.39436584060408025 -0.13490253791635373 22.28331096165164 3.1312631013106658 1.0046390548724946 0.34894010538925402 0.075476746463709624 0.21261733026828145 -0.6169389280463432 1.0022411497848946
decision_type=2 2 2 2 2 2 2 2 2 2 2 2 2 2 2 2 2 2 2 2 2 2 2 2 2 2 2 2 2 2 2 2 2 2 2 2 2 2 2 2 2 2 2 2 2 2 2 2 2 2 2 2 2 2 2 2 2 2 2 2 2 2
left_child=6 20 4 33 5 7 11 8 14 -5 15 -1 -6 -11 -3 -8 -17 18 47 -19 -2 58 29 24 25 35 27 30 -10 38 31 48 -12 -4 60 36 -24 -37 -23 57 -39 -42 -43 -33 45 -45 -46 -18 52 -50 -51 -52 53 -25 59 56 -15 -40 -7 -55 -35 -60
right_child=1 2 3 9 12 21 10 -9 28 13 32 -13 -14 55 -16 16 17 19 -20 -21 -22 22 23 26 -26 -27 -28 -29 -30 -31 -32 43 -34 34 -36 37 -38 40 39 -41 41 42 -44 44 46 -47 -48 -49 49 50 51 -53 -54 54 -56 -57 -58 -59 61 -61 -62 -63
leaf_value=-0.0066234857568590903 0.0088771798494164736 0.0046011634173624772 -0.0041066505883920919 -0.013932006561082838 -4.0462772539396746e-05 0.010802998360547388 0.0008420979487651387 -0.0071900398991740855 0.0049152959974315159 0.011099116559551314 0.0088151300378664765 0.0072598949153604951 -0.012542039405865478 0.0010116199810645029 0.018273655450707357 0.014390435677972565 0.020380536781499078 0.0048130430677586168 -0.0012150383849535899 -0.009225204919406536 -0.0024599207924340476 -0.014707547383864761 -0.011063163489826484 -0.014454675923449211 0.00097817472373553857 -0.011100854871491454 -0.0091716840689729136 0.0092448869361392207 -0.0072054253640461254 -0.016677628787363067 0.010593714284253243 -0.010851739402210884 -0.0023458353907561957 0.014153934479775783 0.016885157873702358 0.0010758175304288341 0.0029081192187860923 -0.010006001295926294 -0.00033987764374258142 0.004821208237742949 0.0058994109269436996 0.0028083956418235539 -0.0089104221389495319 0.011689914311751651 -0.0024986065939764028 -0.0061340165937225268 -0.014441626368687899 0.0054090925689999729 0.010276797652344887 -0.0057398013082944482 0.013590835307805591 -0.0012794857686112616 0.0075122877939020312 0.0086035745254001289 -0.0077043689478743325 0.0054502084276207181 -0.0084936418358790913 -0.013342851811812393 -0.0023548488220692465 -0.004714978890281162 0.0032869799398671908 0.0074748655076646922
leaf_weight=197.58927381038666 189.37738615274429 78.061492040753365 51.157725229859352 51.166395112872124 74.447680041193962 63.677624613046646 1351.8218984156847 75.650460958480835 105.63620452582836 57.430859491229057 336.18816518783569 52.93631999194622 162.46571995317936 124.10737937688828 83.031257942318916 105.62826460599899 54.027399063110352 74.073143228888512 70.784220054745674 80.053602188825607 79.934623509645462 53.671985968947411 50.665674522519112 50.221512407064438 313.03745965659618 159.34177462756634 83.64811959862709 88.946366146206856 80.894968464970589 58.961014226078987 50.706170976161957 101.16310712695122 59.331662073731422 57.113087713718414 73.303706482052803 167.89507368206978 230.95342424511909 285.06154495477676 55.216448292136192 98.205020517110825 83.954077064990997 57.220750913023949 251.35322044789791 68.456776022911072 237.58698938786983 52.970510393381119 61.198428466916084 50.8692517131567 146.16662037372589 102.16544689238071 60.707122310996056 112.43224170804024 53.669619247317314 74.446022182703018 84.437926083803177 88.455425441265106 130.64551958441734 86.454491302371025 184.60454194247723 53.210359618067741 240.32273699343204 68.942808002233505
leaf_count=791 761 313 205 205 298 255 5416 303 423 230 1350 212 651 497 333 425 217 297 284 321 320 215 203 201 1253 638 335 356 324 236 203 405 238 229 294 672 925 1141 221 393 336 229 1006 274 951 212 245 204 585 409 243 450 215 298 338 354 523 346 739 213 963 276
internal_value=5.32482e-05 -0.000908881 -0.00123619 0.00235417 -0.00194797 -0.00156796 0.0022507 0.00300023 0.0052279 -0.00126556 0.00293247 -0.00367622 -0.00862788 0.000347688 0.0116739 0.00200083 0.00559026 0.0027592 0.00735413 -0.00246024 0.00550141 -0.00208427 -0.00250192 -0.00198187 -0.00350318 -0.00459598 -0.000337963 0.000188885 -0.000326197 -0.00703779 -0.000424584 -0.000871594 0.00713313 0.00623699 0.0076731 -0.0036728 0.000380883 -0.00502646 -0.00508633 -0.00291586 -0.00654287 -0.00401832 -0.00672741 -0.00404262 -0.00239405 0.0038912 -0.00495887 0.0131608 0.00136647 0.0037849 0.000324805 0.00392195 -0.00184999 -0.00377907 -0.00123145 -0.00144538 -0.00385263 -0.0082999 0.00242693 0.00302924 0.00538777 0.000308044
internal_weight=7987.86 5554.55 5285.24 873.703 4411.54 4174.62 2433.3 423.274 347.624 451.806 2182.78 250.526 236.913 400.639 161.093 1787.26 435.436 329.808 175.681 154.127 269.312 3751.35 3434.13 3081.62 1599.48 1286.45 1482.13 1398.49 186.531 352.509 1309.54 1258.83 395.52 421.897 370.74 1127.1 281.619 845.485 293.548 239.876 677.59 392.528 308.574 521.376 420.213 121.427 298.785 104.897 737.457 421.471 275.305 173.139 315.985 262.316 212.094 343.208 254.753 141.671 317.225 127.656 297.436 253.547
internal_count=31998 22243 21162 3500 17662 16713 9755 1696 1393 1809 8752 1003 949 1604 646 7164 1748 1323 705 618 1081 15017 13747 12336 6403 5150 5933 5598 747 1411 5242 5039 1588 1691 1486 4512 1128 3384 1175 960 2712 1571 1235 2087 1682 486 1196 421 2952 1687 1102 693 1265 1050 849 1374 1020 567 1270 511 1192 1015
is_linear=0
shrinkage=0.03


Tree=18
num_leaves=63
num_cat=0
split_feature=11 12 4 24 6 7 10 14 11 22 22 18 4 14 10 22 18 22 7 16 18 7 22 14 24 11 6 21 19 15 16 3 11 10 14 11 16 3 3 14 24 12 18 21 2 12 8 6 12 7 4 7 10 24 22 11 6 22 4 19 19 7
split_gain=18.3102 14.812 13.031 11.4102 11.0739 11.006 10.9114 10.8506 10.7122 10.2083 12.2841 9.09232 9.07222 10.5839 11.0243 8.66639 8.43423 15.6776 9.73218 8.62726 9.52883 8.52919 8.23948 9.64198 8.87823 8.15345 8.12566 7.89449 7.66017 7.44237 8.44519 7.20341 7.23841 6.8964 7.26979 8.94064 6.70353 6.59736 6.50099 6.49949 8.20656 6.45094 7.63355 7.48242 6.46228 6.31237 6.30649 6.33782 7.2972 6.26947 6.14677 6.03419 6.30219 6.13518 5.71903 5.71016 8.05712 5.57604 8.99594 8.31159 8.09279 8.75851
threshold=0.99869613693310011 0.99696053455000444 0.099648237325060757 274.86565004556496 0.060085749413285601 -0.31877286973714386 0.99160416562433473 80.719550597251626 0.99905260195398671 1848.5111512334247 1540.2111810161339 6.0936129379882624 0.14700201260861165 69.357191048786504 0.99896428574211582 878.28104295749131 -0.65514336823914354 133.40752935137988 -0.048427923028426793 -0.70168591250008172 0.22394786545617151 0.08804686397306806 24.297780017525088 31.22922552481209 129.70099057882803 1.0041560135170877 0.059261590206466382 -61.300341034328888 -0.22246952563556868 0.33339389307545414 -0.92457805833952766 0.46896377971330178 1.0069641928947255 0.99723305155386999 61.970844257144968 0.99861006868636804 0.042603993307727614 0.19357369476746664 0.14677551998539379 28.729277304604341 185.34242572144319 0.99845248684513643 0.79980771989792576 31.78403237775451 0.05591878075716479 1.0004237225608528 -0.15003081514778357 0.28055486551473724 0.99885277008490514 -0.15665401112439079 0.24112023873725916 -0.12031975067876009 1.00041285223751 113.71382887487405 111.96131415016326 1.0011323256433957 0.050445995788450666 13.43381396475859 0.47132384640675018 -0.023673353900628281 0.089756615705735995 0.16093901406197822
decision_type=2 2 2 2 2 2 2 2 2 2 2 2 2 2 2 2 2 2 2 2 2 2 2 2 2 2 2 2 2 2 2 2 2 2 2 2 2 2 2 2 2 2 2 2 2 2 2 2 2 2 2 2 2 2 2 2 2 2 2 2 2 2
left_child=6 8 3 4 -3 27 15 9 -2 10 12 29 13 14 -7 -1 17 55 19 28 51 -20 36 24 -24 57 -11 -4 -18 -8 -31 -27 -33 39 35 46 -10 38 -22 40 54 42 -41 -43 -45 -28 -35 48 -48 -44 -13 53 -53 -21 -32 56 -14 59 60 -23 -59 -62
right_child=1 2 5 -5 -6 7 11 -9 22 26 -12 50 16 -15 -16 -17 18 -19 21 20 37 25 23 -25 -26 31 45 -29 -30 30 33 32 -34 34 -36 -37 -38 -39 -40 41 -42 43 49 44 -46 -47 47 -49 -50 -51 -52 52 -54 -55 -56 -57 -58 58 -60 -61 61 -63
leaf_value=-0.006336385787511346 0.01646129227903298 0.010827857317999802 -0.0001445892631684357 -0.0036649653839047917 -0.0029172266013978865 -0.013160493587769525 0.01454325969049265 -0.0092175152207280703 0.012921254752392159 -0.00475943829982085 -0.01575113932368704 -0.011285689416875922 0.009495216457944362 -0.017458424570458094 -0.0021454221802262156 0.0073696806573640703 0.0026697041306624333 -0.0082186381967218891 -0.0044848320031657812 -0.016408547121065611 -0.00022729037973724398 -0.012012378960752513 -0.016086229671343891 0.0029853226234160249 0.0013711467771227311 -0.012652618717140936 0.0014420204454547217 0.016504732653176823 0.016724723148931909 -0.0082676973049251954 -2.8286835133711182e-05 0.0054886445929909697 -0.0094622945615673876 -0.0062220263765870136 0.01013595212865071 0.011291273753170888 5.1498398573205318e-05 -7.0279211830761735e-05 0.012395335376897474 0.01875752639759936 -0.0040137357731030747 0.00038380642755333501 0.015015972279097404 0.015477221591218228 0.0035397210108628623 0.012731983688347102 0.0080181492185401066 0.010423603936143416 -0.0025624986706682886 0.0024703984344396318 0.0012548126737437241 -0.0069113000736479181 0.0063540864512741492 -0.0031564029817706158 0.012694931342112267 0.016416987800900815 -0.0049377245307018116 0.0026262842413154997 0.010722266383887555 0.00055763221845799059 0.0017749021927956445 -0.0081850379966921481
leaf_weight=192.36636753380299 54.004285499453545 206.32181560993195 51.406051218509674 122.37757895886898 70.395037174224854 96.421768039464951 58.498864218592644 175.41131030023098 99.652581319212914 64.707065001130104 57.204095512628555 58.699515283107758 111.98058454692364 55.682797461748123 543.80917023122311 52.674718141555786 107.12124037742615 73.146023795008659 1153.6257985830307 63.179457187652588 61.711386367678642 78.429591402411461 54.438158810138702 276.17337669432163 49.90329310297966 91.668733939528465 82.658624961972237 50.325893297791481 52.187906429171562 51.640534788370132 56.619210377335548 62.94983072578907 53.967907384037971 134.2107600569725 83.112651124596596 63.653519928455353 58.118433073163033 434.09447339177132 88.931157767772675 84.123652309179306 114.51092264056206 163.27031646668911 59.479670569300652 81.49118147790432 83.427008837461472 98.400986567139626 74.808448657393456 58.280283719301224 270.13011367619038 91.941123902797699 86.623469531536102 67.187611982226372 61.701492711901665 63.939854234457016 71.077139720320702 52.87635712325573 50.114760309457779 483.59803603589535 80.06755605340004 118.12438879907131 148.41394013166428 169.87504708766937
leaf_count=770 217 830 206 490 282 386 235 703 400 259 229 235 449 223 2177 211 429 293 4618 253 247 314 218 1107 200 367 331 202 209 207 227 252 216 538 333 255 233 1738 356 338 459 655 239 327 335 394 300 234 1082 369 347 269 247 256 285 212 201 1936 321 473 594 680
internal_value=5.16786e-05 -0.000775565 -0.00126962 0.00394439 0.00732057 -0.00168606 0.00254496 -0.00188926 0.00372654 -0.00161654 -0.00194346 0.003378 -0.00176392 -0.00490948 -0.00381082 -0.00337605 -0.00117595 0.00375068 -0.00158946 0.000900805 -0.000308981 -0.00261104 0.00244052 4.20732e-05 -0.00771486 -0.000929007 0.00433165 0.00807034 0.0073004 0.00403139 0.00362968 -0.00635721 -0.00138909 0.00404453 0.00182276 0.0006668 0.00820243 0.00180051 0.0072078 0.00592649 0.00179923 0.00769381 0.0114913 0.00495652 0.00946239 0.00759801 -0.000587855 0.00128111 -0.00025747 0.00742489 -0.00379425 -0.00513772 -0.000537664 -0.00977414 0.00703451 0.00783922 0.00501422 0.000118533 0.00113967 -0.0044464 0.000177901 -0.00353233
internal_weight=7986.94 5996.31 5404.02 399.094 276.717 5004.92 1990.64 4903.19 592.29 4727.78 4482.01 1745.6 4424.81 695.914 640.231 245.041 3728.89 288.118 3440.78 1000.05 840.745 2440.72 538.286 380.515 104.341 1287.1 245.767 101.732 159.309 1600.28 1541.78 208.586 116.918 1490.14 684.196 601.083 157.771 584.737 150.643 805.94 242.207 563.733 235.544 328.189 164.918 181.06 537.43 403.219 344.939 151.421 145.323 256.008 128.889 127.119 127.696 214.972 162.095 1078.51 881.955 196.554 801.887 318.289
internal_count=31998 24017 21642 1602 1112 20040 7981 19632 2375 18929 17945 7000 17716 2786 2563 981 14930 1155 13775 4004 3366 9771 2158 1525 418 5153 984 408 638 6418 6183 835 468 5976 2742 2409 633 2341 603 3234 971 2263 946 1317 662 725 2154 1616 1382 608 582 1025 516 509 512 862 650 4318 3531 787 3210 1274
is_linear=0
shrinkage=0.03


Tree=19
num_leaves=63
num_cat=0
split_feature=11 4 14 22 23 15 3 23 23 3 15 21 4 7 13 23 1 24 9 23 23 4 16 7 18 4 4 16 15 16 14 18 20 14 13 16 18 23 22 1 16 9 13 21 16 16 4 23 14 9 4 7 14 22 15 21 9 18 3 20 11 8
split_gain=17.2361 12.6159 12.4246 11.8783 11.8496 9.76887 9.48524 8.45178 9.82828 9.48894 8.43655 7.94619 9.37157 7.70471 12.2928 9.74073 11.3115 8.60447 10.0819 8.29721 10.1208 8.1226 8.52334 9.06307 7.6566 7.48681 9.3344 10.9736 9.90418 7.66891 7.22622 8.80741 9.34202 9.60765 8.03182 8.0612 14.2896 8.39856 12.5651 8.51322 8.46588 8.0766 7.37066 7.28016 6.88691 6.63356 6.89614 6.97163 6.75633 6.6353 6.59984 7.70936 6.84565 6.63147 6.58328 6.48095 6.2914 8.49335 10.8723 6.11091 7.10645 8.7139
threshold=0.99869613693310011 0.66150930002998687 75.086638997920829 215.80063993714575 -42.070852507009732 3.2863569965104813 0.055922087008367989 841.77972063857226 713.46221437625888 0.21710760244449792 0.33339389307545414 8.3935710005570581 0.33295343533047006 -0.0029104598256446397 0.42322401342268584 596.39737050425651 0.10500348283795742 -6.9877627459772276 0.038520360118954329 366.64087459555793 304.09185869923346 0.24846264851307118 0.57409062819941592 0.16093901406197822 0.42866336531684285 0.096561286979283859 0.18467481585752607 -0.97180529192385812 0.60653355662207187 -0.72962562917740359 58.54751378663719 2.4101447236607516 0.27533339048982552 62.151886264462682 0.14007978005995644 -0.6682709904881553 0.11452155651306352 90.796487860074038 212.27661940442866 0.058694595232090314 -0.35216649458740018 0.15771932296114735 -0.026966363036923516 -49.037150414067291 -0.017307999251324608 -0.92457805833952766 0.63413737595575703 230.50022538275454 61.970844257144968 -0.13002916111081728 0.19090427608588481 0.28467439795708543 80.719550597251626 270.17302490121796 0.78180682201444973 70.341731846427933 0.058627394247423588 1.0601995927243386 0.31491213541755786 0.11734019453778444 0.99977783437593704 0.0050235837060985675
decision_type=2 2 2 2 2 2 2 2 2 2 2 2 2 2 2 2 2 2 2 2 2 2 2 2 2 2 2 2 2 2 2 2 2 2 2 2 2 2 2 2 2 2 2 2 2 2 2 2 2 2 2 2 2 2 2 2 2 2 2 2 2 2
left_child=5 2 4 24 -2 10 -6 8 13 59 -1 12 -11 14 30 16 17 18 -15 20 25 -18 -23 -24 -3 -19 28 -28 29 -27 34 32 33 -32 35 41 -37 40 44 -40 -38 42 -8 -35 -39 -12 47 48 -47 -48 53 52 -52 -4 -21 -34 57 58 -49 -9 -61 -62
right_child=1 3 50 -5 6 -7 7 9 -10 11 45 -13 -14 15 -16 -17 21 19 -20 54 -22 22 23 -25 -26 26 27 -29 -30 -31 31 -33 55 43 -36 36 37 38 39 -41 -42 -43 -44 -45 -46 46 49 56 -50 -51 51 -53 -54 -55 -56 -57 -58 -59 -60 60 61 -63
leaf_value=0.014020173226858714 0.011896920250525477 0.0092518872545520273 0.0071478011910891676 0.017125447659917473 0.0054447737955288936 -0.0073948800940865055 0.011584008153002621 -0.0071497724472313184 -0.011272818280255463 0.018129924946135485 -0.0080177824537286443 0.00053274157473953373 0.0035878275923905897 0.0084525499036684128 0.014029778589049786 0.0091409914023723275 0.0089652808815894672 0.0049331764221376348 -0.0056985091381276994 -0.016674182857907192 0.0065317845363859857 0.0032122610556744296 -0.014960906093884231 -0.00012660757144308595 -0.0038625858001170459 -0.0090779653563357997 0.0074816044961557157 -0.0039716929211685032 -0.011003587736772524 0.005125283442718045 -0.0096251970726621994 0.0058104342635316338 -0.015190830048668627 -0.0039980406868099089 0.011940266186384199 -0.0080453174814256109 0.0075124270225775929 0.0022422533556138557 0.0027547816610829869 -0.010840653533995062 -0.0045835551092814576 -0.0063593579702603212 0.0014093685802530603 0.0087369425585568216 0.013248430999145232 0.0044142560814091287 0.0023542305791754733 0.00033074314907545179 0.014878682922020837 -0.010176919724030049 -0.0063171715430608679 0.0010614855249946216 -0.016619465641249553 -0.0076247964748979973 -0.0049118488654155837 -0.0038376569442710486 0.0066340874401928001 -0.0034015869729304149 0.016499911292022683 0.01041851389446739 -0.010371173691743878 0.005458790362940385
leaf_weight=59.692077577114105 66.880289778113365 70.949554532766342 58.426949948072433 64.052942633628845 210.0463071167469 86.172942981123924 135.66129125654697 106.93078257143497 90.648251578211784 77.862669453024864 51.65554977953434 124.6079458296299 83.063104659318924 107.12854278087616 55.685219243168831 64.196578055620193 101.92717035114765 76.485095635056496 78.157281666994095 82.91493059694767 83.170974731445312 221.12103652954102 60.955033361911774 95.400073558092117 91.447411015629768 63.17783485352993 81.756707742810249 918.15103606879711 329.17528311908245 74.197587043046951 80.436005920171738 79.953194826841354 101.64831881225109 72.679491862654686 56.692707091569901 201.76877826452255 63.160206645727158 86.131795167922974 123.37431533634663 62.173730611801147 291.40869815647602 50.134133741259575 122.83066639304161 90.171254754066467 128.81843036413193 910.19769534468651 85.0090152323246 147.26318261027336 59.377647280693054 68.269354179501534 135.79665073752403 61.667579263448715 103.44384822249413 51.216174408793449 90.682328581809998 83.19803960621357 143.76386418938637 328.59036329388618 50.267123654484749 59.192273616790771 60.460528761148453 64.450263127684593
leaf_count=240 268 285 234 257 844 345 544 428 363 312 207 499 333 429 223 257 408 307 313 332 333 886 244 382 367 253 328 3676 1318 297 322 320 407 291 227 808 253 345 494 249 1167 201 492 361 516 3650 341 590 238 274 544 247 415 205 363 333 577 1317 202 237 242 258
internal_value=5.02333e-05 -0.000752386 -0.00102551 0.00619016 -0.000639478 0.00246955 -0.000798708 -0.00105747 -0.00149556 0.00236019 0.00291793 0.0062467 0.0106494 -0.00129386 0.000155873 -0.00237629 -0.00267788 -0.00367712 0.00246731 -0.00431147 -0.00364265 0.00145315 -0.000569183 -0.0059348 0.0018507 -0.00419342 -0.00467178 -0.00303157 -0.00817924 -0.0013867 -0.000265346 -0.0033071 -0.00501775 -0.00113998 0.000901451 0.000403637 -0.0009537 0.000938162 0.00391758 -0.00178802 -0.0024189 0.00462046 0.00676322 0.00303601 0.00885524 0.00255624 0.00286303 0.00343285 0.00505967 -0.00321051 -0.0060555 -0.00835114 -0.0107893 0.000219272 -0.0105535 -0.0101019 0.00107335 -0.000441405 0.00446689 -0.00144341 0.00185676 -0.00218155
internal_weight=7985.93 5995.67 5769.22 226.45 5358.67 1990.26 5291.79 5081.74 4505.17 576.568 1904.09 285.534 160.926 4414.52 1885.93 2528.6 2464.4 1985 185.286 1799.71 1626.11 479.403 377.476 156.355 162.397 1542.94 1466.46 999.908 466.551 137.375 1830.24 508.086 428.133 243.287 1322.15 1265.46 956.836 755.067 400.498 185.548 354.569 308.626 258.492 162.851 214.95 1844.39 1792.74 1639.46 969.575 153.278 410.551 300.908 239.24 109.643 173.597 184.846 669.885 526.121 197.53 291.034 184.103 124.911
internal_count=31998 24017 23108 909 21463 7981 21195 20351 18042 2309 7636 1144 645 17679 7553 10126 9869 7949 742 7207 6512 1920 1512 626 652 6179 5872 4004 1868 550 7330 2034 1714 974 5296 5069 3832 3024 1604 743 1420 1237 1036 652 861 7396 7189 6574 3888 615 1645 1206 959 439 695 740 2686 2109 792 1165 737 500
is_linear=0
shrinkage=0.03


Tree=20
num_leaves=63
num_cat=0
split_feature=5 8 22 17 4 24 22 18 18 23 23 23 8 8 4 1 14 4 8 19 9 9 0 9 24 20 14 10 10 24 23 17 17 0 18 8 17 20 10 12 0 17 1 4 11 11 11 14 2 23 22 10 12 12 23 24 23 8 2 1 4 1
split_gain=20.9908 13.7089 12.9798 13.0244 13.2445 12.6696 12.146 10.2496 10.0162 10.8825 11.0961 9.78444 9.19292 9.42075 8.72147 8.29354 9.6512 8.6776 8.28697 7.50299 7.34939 7.25322 8.29594 9.28325 7.72016 7.15787 6.98315 6.88763 6.87198 6.56633 9.08492 8.05246 6.56136 6.55615 10.1012 6.52201 8.25896 6.77707 8.24699 6.353 7.56312 7.39343 8.07098 10.1834 8.25201 7.67517 6.60588 6.31859 6.10259 6.09152 6.92011 10.3997 10.4582 11.3358 7.00703 8.78682 8.22974 8.43966 6.6311 6.02875 9.6734 6.7223
threshold=-0.018487289341639897 -0.32925398147755075 -24.681720854445505 0.73682109673399354 0.099648237325060757 2.1897531697906727 5875.4532663602622 3.5615110694184526 2.6462992480008851 87.763805191441335 127.80644343101426 49.744446920977843 -0.10250695467036162 -0.11775972179094983 0.26493801568025371 0.027418610368959349 77.522118829116479 0.38132202104583418 -0.01159845789393543 0.25101762393197874 0.10544400987658743 -0.12503864443900722 0.13417470136948964 -0.0029104598256446397 257.22845964035361 0.059851066508252351 64.126351899433658 1.0010154866152832 0.99160416562433473 241.01508358943713 398.35319949945614 3.1312631013106658 0.41528429406378992 -0.29585967451320444 6.0936129379882624 -0.38470560976138762 -0.15893368820357487 0.19193624607394758 0.99815798716114579 0.99848563867254214 -0.046668054285807739 -0.069924610120088992 0.025643996244448956 0.10480868321908353 0.99747160673694768 0.99807306635322224 0.99987220973144997 69.056475781159349 0.001728688925100566 7.8691639270427034 159.13375595826128 0.99972198344844132 1.0009746668362152 1.0027975665856192 841.77972063857226 366.64087459555793 194.38495898775133 0.061755015695630362 0.02752292660481288 0.1077783393575928 0.20866212547202476 0.031183096202241325
decision_type=2 2 2 2 2 2 2 2 2 2 2 2 2 2 2 2 2 2 2 2 2 2 2 2 2 2 2 2 2 2 2 2 2 2 2 2 2 2 2 2 2 2 2 2 2 2 2 2 2 2 2 2 2 2 2 2 2 2 2 2 2 2
left_child=6 19 20 4 -4 48 12 8 9 11 -11 14 13 26 18 17 59 -6 -7 32 25 24 23 -23 -12 -3 33 -13 -14 31 -31 -9 -2 34 -1 -35 37 38 -37 40 46 42 43 -41 -44 -46 -30 -45 -5 -47 51 58 -53 -54 55 56 -52 -58 -51 61 -61 -17
right_child=1 2 3 5 15 7 -8 29 -10 10 21 27 28 -15 -16 16 -18 -19 -20 -21 -22 22 -24 -25 -26 -27 -28 -29 39 30 -32 -33 -34 35 -36 36 -38 -39 -40 41 -42 -43 44 47 45 49 -48 -49 -50 50 54 52 53 -55 -56 -57 57 -59 -60 60 -62 -63
leaf_value=0.012666905992518024 0.0028560977627321549 -0.0064192668719237735 0.0047099123112064817 0.015674939331968306 -0.0060193417793807085 0.00046056947776307907 0.014216636707104139 -0.012935641351040738 0.0079770715187849339 0.011505270040857742 -0.0015354144445198208 -0.0037069478404207815 -0.008497602788062877 0.012915166517363597 0.0048470565969982561 0.0056271649095717986 -0.013408363697244642 -0.018723961642811548 -0.014127505738242119 -8.7827836448176701e-06 0.014020480103078851 -0.0043863783312133994 -0.0057183702189070821 0.010373596959074961 0.014083936378184773 0.0076423482859963492 0.012300469999728732 -0.018459192183087631 0.0043113535118627947 0.0070659797129047804 -0.0070802308931416655 0.0010064860863438854 0.016268225154863012 -0.0078608987717506875 -0.0028560321353480189 0.0021519078549134211 0.011000379123492068 0.0025745237435858721 -0.014209077212386042 0.0063815496287244963 0.012422376994916046 -0.0088690157059646817 -0.0050618583821623528 -0.0021541831073713853 0.012890072044372902 -0.0038971948563774022 -0.0034773295454880566 -0.011838549456430593 0.0037991372862580404 0.0060412971104791555 -0.006900522031663821 -0.0051842520438048437 0.015484212429222368 0.00040417949579482236 0.0080594596323916353 -0.010126266225163728 -0.00052921406216504348 0.015150576617202835 0.020643869880900705 0.012788653196348363 -0.0011190235526490741 -0.0043879646017909975
leaf_weight=110.79082708060741 59.853010192513466 56.143848046660423 161.48997068405151 53.92498791217804 566.78843200206757 74.178762033581734 69.326840132474899 140.3326825350523 137.57129096984863 90.865215748548508 53.396850094199181 52.155363619327545 71.686818912625313 99.084724649786949 112.102085262537 64.17625904083252 76.008572980761528 53.154934361577034 65.679128929972649 118.53809909522533 65.069692671298981 72.41438989341259 217.45057827234268 80.904543578624725 60.135604217648506 77.054515078663826 67.616101786494255 64.440610930323601 383.23834176361561 70.673824325203896 96.385028779506683 50.212443009018898 74.453877389431 71.024849757552147 56.713943019509315 54.068156853318214 75.07347260415554 288.91941814124584 56.187968462705612 119.73096120357513 76.814373329281807 79.380724370479584 123.23806069791317 658.39012759923935 68.070660978555679 118.09916727244854 131.16793987154961 66.933075070381165 143.79749985039234 53.658889696002007 66.660841181874275 92.388023495674133 81.671656340360641 100.34286442399025 82.60865843296051 81.927144780755043 72.187582015991211 53.445925235748291 60.399398639798164 50.702431455254555 393.5820494890213 926.88342340290546
leaf_count=445 240 225 649 216 2270 297 278 562 551 364 214 209 287 397 449 257 305 213 263 475 261 290 871 324 241 309 271 258 1538 283 386 201 299 285 227 217 301 1158 225 481 308 318 495 2637 273 473 526 268 576 215 267 370 327 402 331 328 289 214 242 203 1577 3712
internal_value=8.45061e-05 -0.0013089 -0.00172486 -0.00210336 -0.00356257 -5.71737e-05 0.00178517 -0.0010376 0.000416033 -0.000683728 0.00189128 -0.00470984 0.00153918 0.00419631 -0.00136965 -0.00419099 -0.00298866 -0.00711634 -0.00637395 0.00546779 0.00575853 7.92994e-05 -0.00194624 0.00338441 0.00671652 0.00169242 0.00308395 -0.0118948 0.00065342 -0.00544025 -0.00107712 -0.00924728 0.0103201 0.00220383 0.00739467 0.000602676 0.00187792 0.000152406 -0.006164 0.000910128 0.00363881 9.33386e-05 0.000469855 -0.00171256 0.00222131 0.00318857 0.0023192 -0.0030535 0.00705948 0.00241882 0.00342407 0.00619466 0.00301376 0.00719199 0.000398593 -0.00190039 0.0015921 0.00612403 0.0138117 -0.0024339 0.000463912 -0.0037359
internal_weight=7971.37 4380.52 4127.68 3929.41 2292.79 1636.62 3590.85 1438.9 1081.29 943.723 575.167 368.556 3521.52 879.479 251.96 2131.3 1511.35 619.943 139.858 252.845 198.268 484.302 370.77 153.319 113.532 133.198 780.395 116.596 2642.04 357.604 167.059 190.545 134.307 712.779 167.505 545.274 474.249 399.176 110.256 2570.35 591.221 1979.13 1899.75 845.054 1054.7 931.461 514.406 725.323 197.722 863.39 745.291 388.461 274.403 182.015 356.83 274.221 192.294 125.634 114.058 1435.34 444.284 991.06
internal_count=31943 17550 16536 15741 9186 6555 14393 5763 4331 3780 2304 1476 14115 3526 1009 8537 6054 2483 560 1014 795 1940 1485 614 455 534 3129 467 10589 1432 669 763 539 2858 672 2186 1901 1600 442 10302 2372 7930 7612 3386 4226 3731 2064 2905 792 3458 2985 1556 1099 729 1429 1098 770 503 457 5749 1780 3969
is_linear=0
shrinkage=0.03


Tree=21
num_leaves=63
num_cat=0
split_feature=5 15 22 24 12 15 22 4 4 15 4 12 4 19 23 15 12 12 2 12 4 2 12 9 10 4 3 15 11 1 10 1 11 10 24 4 4 4 23 2 12 23 23 24 4 22 11 0 12 9 24 15 10 1 4 23 22 4 6 22 24 22
split_gain=19.7531 11.7905 11.3412 11.1249 12.0549 10.646 10.4964 9.07966 10.9424 11.6946 8.17472 8.1576 10.0486 9.30257 8.48493 8.00644 7.93565 9.40571 7.88751 7.69968 10.8842 7.69518 7.51085 10.0986 9.76155 7.37299 7.36241 7.35196 8.6105 9.22225 7.78507 7.31239 7.1108 8.38666 12.257 7.92432 6.98642 6.97835 6.95981 6.83697 6.79241 6.31722 6.08448 6.07386 7.01008 6.00531 9.52929 7.42669 5.81375 5.6016 5.40932 5.27619 5.57584 7.51442 11.2331 8.3827 6.88312 10.3436 11.7221 10.1236 9.65308 8.09601
threshold=-0.018487289341639897 0.43271575482811164 5875.4532663602622 -26.628398617313525 1.0001493598631257 0.62892308546938547 -24.681720854445505 0.099648237325060757 0.22292711702637177 0.78628903524900751 0.38640192791618849 0.99414284587231549 0.60092167402847918 0.02217660248996315 2174.6338033957231 0.69761864205568569 0.9988219121997457 0.99532284211390099 0.0069968045790384384 1.0043894350182216 0.30614973312648708 0.081765045272278306 1.0012786299276726 -0.015735453079196434 1.0005849373762654 0.29623498437667972 0.09092188935033356 0.56998667024405181 1.0014813568389676 0.0057890757784158321 1.0031728147906367 0.078868388351706439 1.001913994947629 1.0046390548724946 156.97966493663287 0.19930285526772404 0.17939669842136111 0.29312314234933684 174.3626235433762 0.03291379613412778 0.99815622771133661 245.05277179534457 283.89173330193347 257.22845964035361 0.49616713873432311 148.01959448207279 1.0003144621308726 0.088048430574473646 1.0012153817691187 -0.06469367254684498 203.04361732058933 3.7021017680189137 0.99820193838692273 0.065661650164016719 0.096561286979283859 10.228405940487452 315.02720089614428 0.4763258215733317 0.33468914368969266 75.223196690814703 30.407991159136301 427.61635553625194
decision_type=2 2 2 2 2 2 2 2 2 2 2 2 2 2 2 2 2 2 2 2 2 2 2 2 2 2 2 2 2 2 2 2 2 2 2 2 2 2 2 2 2 2 2 2 2 2 2 2 2 2 2 2 2 2 2 2 2 2 2 2 2 2
left_child=1 10 51 15 6 27 -5 -8 9 18 25 13 14 -10 16 -2 17 -13 -9 22 -21 45 23 49 -24 -1 -20 28 29 -6 -30 -18 35 34 -34 -26 -31 -37 -28 -35 -11 -15 -23 44 -22 47 -47 -19 -38 -7 -29 52 56 54 -54 -55 57 59 -59 60 -3 -58
right_child=3 2 -4 4 5 19 7 8 11 40 -12 12 -14 41 -16 -17 31 21 26 20 43 42 24 -25 32 -27 38 50 30 36 -32 -33 33 39 -36 37 48 -39 -40 -41 -42 -43 -44 -45 -46 46 -48 -49 -50 -51 -52 -53 53 55 -56 -57 61 58 -60 -61 -62 -63
leaf_value=0.0066562545101467247 0.013150471796507156 -0.0079995250749090672 0.013759778423245408 0.0091916274130268063 0.0065053300110407509 -0.0043714858183824925 0.0071634181759361263 0.0071969021011795082 0.003192710552930494 0 0.01244214321499486 0.0099341860690462438 0.014626841159603044 -0.015494083583308373 -0.010623761861527498 -0.0005310922596575029 0.0097352557223393723 -0.0092060919874228757 -0.012471779841923053 -0.018934694275434479 -0.014325857389283513 -0.00025794278187704812 0.011404642196072675 0.00020201489021457863 0.0024972521929861212 -0.0036933456976201286 -0.004393052327420351 -0.01756674518938323 -0.020590877316770714 -0.012088348139699777 -0.0056597871033274988 -0.0001932253465502703 -0.00068156596699545005 0.0057669238449454619 0.017346640795105697 -0.013806567871516996 0.0051066387789681219 0.00030227534655861521 0.0076557051932761543 -0.0068348292700736255 -0.0094289507045140792 -0.0016093940096273346 0.011143657673654743 0.0029282385411866737 4.1690005095617724e-05 0.0012912510975839895 -0.014672367699480434 0.0040092707552808428 -0.0049777429539768327 -0.014586575440558271 -0.0048544784858599449 -0.0082545939337860044 0.0077201251170831795 -0.0058405995057464475 -0.0023148929784730719 0.0040367428351296983 -0.008111837397240142 -0.0095118371272624267 0.0065487334110245939 0.0090542057901901972 0.0050180280000566742 0.001831389807707544
leaf_weight=206.28250440955162 80.820064425468445 71.773806467652321 62.314314439892769 106.38436204195023 80.093741297721863 123.12266710400581 131.15461586415768 102.14164564013481 81.415648326277733 87.910599052906036 137.09016263484955 73.826968863606453 53.035823047161102 72.874151408672333 51.387389674782753 72.637994363903999 178.05108337104321 58.636751189827919 54.187011271715164 49.846030622720718 64.576365232467651 145.74006675183773 80.147567257285118 299.54578346014023 104.38695703446865 88.038961946964264 115.62801247835159 79.351065069437027 51.160429537296295 87.855373755097389 83.604892298579216 105.83720251917839 64.180683806538582 67.937238365411758 71.191342994570732 83.667948856949806 69.667128816246986 49.950117528438568 68.688115939497948 89.630370482802391 310.44983665645123 50.404881462454796 58.872213318943977 83.323901772499084 57.159006997942924 52.117069020867348 93.166229605674744 109.5797014683485 194.00593180954456 80.881724193692207 49.921230137348175 56.207300335168839 110.21678650379181 89.862625896930695 1105.9268810451031 542.83820053935051 97.735455855727196 92.891587719321251 72.740103095769882 380.31202194094658 178.19415451586246 298.01404590904713
leaf_count=827 324 288 250 427 321 493 527 409 327 352 551 296 213 292 206 291 713 235 217 200 259 584 321 1200 418 353 463 318 205 352 335 424 257 272 285 335 279 200 275 359 1243 202 236 334 229 209 373 439 777 324 200 225 443 360 4428 2175 392 373 292 1526 715 1195
internal_value=8.20771e-05 0.00173195 0.00109539 -0.00126966 -0.00155837 -0.00319739 6.31671e-06 -0.000468134 -0.000990277 -0.00385559 0.00638487 0.000794352 0.00193404 -0.00464706 0.00120329 0.00665876 0.00190178 -7.10415e-05 0.000217141 -0.00165906 -0.00636295 -0.00150414 -0.000580175 -0.00329471 0.00165191 0.00355004 -0.00276121 -0.0062209 -0.00473749 -0.00266023 -0.0113613 0.00602446 0.000172187 0.00330647 0.00878302 -0.0036727 -0.00475834 -0.00851358 8.25433e-05 -0.00138219 -0.00734496 -0.0098473 0.00301178 -0.00328463 -0.00756067 -0.00446114 -0.0089282 -0.000582238 -0.00230097 -0.00844133 -0.0126884 0.000839147 0.00100851 -2.13139e-05 -0.00140241 0.00262842 0.00260865 0.00421671 -0.00244075 0.00597109 0.00126657 -0.000618069
internal_weight=7970.59 3590.44 3159.03 4380.15 4226.7 2065.21 2161.49 2055.11 1923.95 739.005 431.412 1184.95 980.25 204.695 927.215 153.458 875.827 591.939 340.645 1369.55 254.905 518.112 1114.64 503.55 611.092 294.321 238.503 695.66 566.387 431.622 134.765 283.888 530.945 292.94 135.372 238.005 351.528 133.618 184.316 157.568 398.36 123.279 204.612 205.059 121.735 313.5 145.283 168.216 263.673 204.004 129.272 3096.71 3040.51 1848.84 1216.14 632.701 1191.66 795.912 165.632 630.28 249.968 395.75
internal_count=31943 14393 12662 17550 16935 8273 8662 8235 7708 2959 1731 4749 3928 821 3715 615 3509 2372 1364 5486 1022 2076 4464 2017 2447 1180 955 2787 2269 1729 540 1137 2126 1173 542 953 1408 535 738 631 1595 494 820 822 488 1256 582 674 1056 817 518 12412 12187 7406 4871 2535 4781 3194 665 2529 1003 1587
is_linear=0
shrinkage=0.03


Tree=22
num_leaves=63
num_cat=0
split_feature=5 8 4 15 24 12 18 22 16 7 16 24 7 12 4 7 8 16 16 16 1 12 9 1 4 8 4 1 9 8 24 6 11 1 16 22 23 9 15 4 23 11 15 10 22 11 11 15 8 18 11 23 23 12 12 5 23 4 20 10 0 18
split_gain=18.5894 12.7661 11.835 11.099 10.8336 10.7834 11.9208 10.6796 10.5369 8.90573 11.8286 10.4428 8.37903 8.20012 7.70335 7.58144 8.71483 7.66821 7.31595 9.13554 9.29369 7.16162 13.4012 11.866 6.93971 6.82021 8.30397 10.1154 8.57378 11.0002 7.51822 8.33342 8.84416 8.80279 7.65955 6.54878 6.41642 6.30125 6.21765 6.7549 6.14479 6.00922 8.14704 5.9847 7.28305 7.32234 5.92534 5.66041 5.6316 5.56017 5.45232 7.78457 6.78435 9.69865 8.57176 8.85649 7.26246 8.40119 7.07585 6.92678 6.8237 7.19154
threshold=-0.018487289341639897 -0.32925398147755075 0.099648237325060757 0.43271575482811164 -24.661821701818969 0.9971526994491785 0.72534439849953791 5875.4532663602622 0.46318980368881246 -0.014451588239133837 -1.007294353146073 80.465086814421554 0.40376430503998867 1.0043894350182216 0.38640192791618849 0.10134654516069654 -0.059455184031664825 -0.3592734543893793 -0.71496263197724508 -0.8964154378037833 0.02228103786458845 0.99414284587231549 -0.26923062517435475 0.11887715579150342 0.29623498437667972 -0.20184935289984104 0.26088677139542632 0.043914198758385904 -0.19336781585292392 0.02205401070553004 68.039332961424961 0.12449032579989751 1.0000497148662979 0.015542033522326387 1.2588768856478538 174.3626235433762 41.055976986458276 -0.041994420366620037 0.74056921282641552 0.39723044655512924 212.27661940442866 1.0011323256433957 0.53737085825253517 1.0018265572280438 52.004983731253944 1.0006970777421478 1.0030174360348687 0.69761864205568569 -0.0029104598256446397 0.064767023205878585 0.99981522953160806 12.408541979846207 249.24000749332461 0.99937196067484624 0.99172853579002862 -0.1737801329945998 785.34257284812395 0.31506139504416858 0.57439314577377654 0.99250058749047498 -0.080292421224635993 1.0000000180025095e-35
decision_type=2 2 2 2 2 2 2 2 2 2 2 2 2 2 2 2 2 2 2 2 2 2 2 2 2 2 2 2 2 2 2 2 2 2 2 2 2 2 2 2 2 2 2 2 2 2 2 2 2 2 2 2 2 2 2 2 2 2 2 2 2 2
left_child=3 8 37 14 47 21 9 12 -2 18 -11 43 50 25 24 17 -17 41 19 20 -7 23 -23 -6 -1 -8 30 35 -29 -30 36 32 -32 -33 -35 -28 48 -3 39 -20 -39 42 -13 44 45 -12 -14 -4 -27 -45 52 -52 53 54 -5 59 -54 58 -58 -56 -57 -62
right_child=1 2 4 7 5 6 13 -9 -10 10 11 15 46 -15 -16 16 -18 -19 38 -21 -22 22 -24 -25 -26 26 27 28 29 -31 31 33 -34 34 -36 -37 -38 40 -40 -41 -42 -43 -44 49 -46 -47 -48 -49 -50 -51 51 -53 56 -55 55 60 57 -59 -60 -61 61 -63
leaf_value=0.0064580612014630574 0.011214954582927572 -0.004703267861624949 0.010622514407420163 -0.0060683262185287478 -0.010620795476674744 -0.013229421491023033 -0.0079975333773549609 0.013356119356445352 -0.0010201789595707836 0.0039167942284522384 -0.010628800771227159 -0.0016211302409144164 0.013313326475633084 -0.0067657025880321518 0.01207872945171788 0.0067519453969447961 -0.0060777170844443004 -0.0023124736956957894 -0.0085583923221882637 0.0074592585873264547 0.0021529880769234292 0.018293609656909012 0.0016539667936787752 0.0057719219634158811 -0.0035822699597591219 0.0068028516442060075 0.018060026626495806 -0.010104781310579361 0.010972969557273515 -0.002326816109012063 -0.0028860454345415328 0.0044963155791651766 0.0085238759541191658 -0.013641816347014165 -9.4279413089955034e-05 0.0044706573630643289 -0.010266524040369084 0.01088649031295363 -0.0003204727599045344 0.0018956436840014471 0.00047537958498274763 -0.020851549668327356 -0.017021919878405661 -0.022779317638766967 -0.015785671858134322 0.0044538543838267388 0.00043086754374904187 -0.00052271778629186432 -0.0073232752295881469 -0.0103249703829772 -0.0088238354325738764 -0.00040966369704984097 -0.0034166178305482745 0.00022449209241449941 0.00060938587622952215 -0.00053988621827714956 0.013406149391929736 -0.0042445588342240924 0.00036751027492607446 0.013135553181689363 -0.00094720331391576998 0.012905578174553064
leaf_weight=206.2385118752718 130.95075155794621 53.609491780400276 88.544836953282356 55.152738317847252 90.787182778120041 55.423345074057579 90.645747601985931 62.275308102369308 121.79853475093842 84.302705645561218 64.403983429074287 69.693203642964363 80.200819298624992 190.73314395546913 136.98299773037434 84.678181424736977 108.6235840767622 123.6037563085556 311.86051622033119 126.59895133972168 96.567640081048012 51.590506717562675 280.90906576812267 70.292509078979492 88.048674613237381 51.19070565700531 60.933124303817749 52.904709175229073 96.645616501569748 132.10295064747334 95.656209036707878 82.164835333824158 167.61381432414055 85.182377532124519 67.926406711339951 68.65945528447628 129.58161292970181 129.1828333735466 217.46303498744965 67.116638347506523 85.326012685894966 50.65972338616848 56.192243456840515 70.319111302495003 77.114338502287865 52.172522127628326 54.403158113360405 75.393773689866066 50.196508690714836 62.365778625011444 114.33951203525066 738.81978006660938 445.80500009655952 778.32350614666939 50.420580327510834 194.99836790561676 80.851945176720619 88.982375055551529 70.635052874684334 196.87614330649376 51.636155232787132 95.026694059371948
leaf_count=827 526 215 355 221 364 222 363 250 488 338 258 279 322 765 551 339 435 495 1249 507 387 207 1126 282 353 205 244 212 387 529 383 329 671 341 272 275 519 520 871 269 342 203 225 282 309 209 218 302 201 250 458 2959 1787 3120 202 782 324 357 283 791 207 381
internal_value=7.96119e-05 -0.00123176 -0.00163318 0.00168026 -0.00205722 -0.00239265 -0.00302936 0.00106265 0.00530897 -0.00466647 -0.0067564 -0.00785793 0.000814017 -0.000978976 0.00619552 -0.00509208 -0.000441431 -0.00807605 -0.00250308 0.00150225 -0.00344148 0.00173066 0.00424951 -0.00344953 0.00344368 -7.97533e-05 0.000547417 0.00395782 0.000753758 0.00328154 -0.00137129 0.000696457 0.0043673 -0.00339856 -0.00765504 0.0108924 -0.00584584 0.00445695 -0.00437889 -0.00669906 0.00676135 -0.0120907 -0.00852754 -0.0120276 -0.00862614 -0.00385498 0.00813305 0.00548145 -0.000161716 -0.0169602 0.000480123 -0.00154174 0.0012996 0.00248217 0.00520515 0.0062668 -0.00114712 0.0030475 0.00735056 0.010595 0.00312303 0.00801061
internal_weight=7969.7 4379.68 4126.93 3590.02 3858.81 3694.88 3201.3 3158.75 252.749 1779.16 904.129 819.826 3096.47 1422.14 431.27 493.451 193.302 300.149 875.03 278.59 151.991 493.579 332.5 161.08 294.287 1231.4 1140.76 411.246 281.653 228.749 729.512 498.544 263.27 235.274 153.109 129.593 230.969 268.118 596.44 378.977 214.509 176.545 125.885 326.376 193.691 116.577 134.604 163.939 101.387 132.685 2961.87 853.159 2108.71 1422.43 644.111 588.958 686.274 240.469 151.487 247.297 341.661 146.663
internal_count=31943 17550 16536 14393 15459 14802 12823 12662 1014 7127 3622 3284 12412 5696 1731 1976 774 1202 3505 1116 609 1979 1333 646 1180 4931 4568 1647 1128 916 2921 1996 1054 942 613 519 925 1077 2389 1518 862 707 504 1308 776 467 540 657 406 532 11872 3417 8455 5704 2584 2363 2751 964 607 993 1370 588
is_linear=0
shrinkage=0.03


Tree=23
num_leaves=63
num_cat=0
split_feature=5 15 14 22 24 14 1 1 1 18 11 18 22 3 11 7 14 9 3 16 16 18 22 11 18 24 12 1 1 15 16 20 14 1 14 21 16 20 14 12 21 5 21 24 11 19 11 1 21 16 14 12 24 2 14 3 11 12 14 9 12 14
split_gain=17.4964 10.4482 10.291 10.0574 8.43958 8.98604 8.30534 10.6127 8.71364 9.50757 10.1851 9.38362 8.3169 8.23757 8.05371 7.88994 7.78296 7.72126 9.57741 7.66834 8.58233 7.55791 7.54128 7.74519 7.16623 10.2252 6.72972 8.69944 7.19455 7.16642 11.6409 7.03289 8.46797 7.93208 6.40858 8.46151 6.48708 5.8771 5.85301 5.84182 5.60334 7.11483 6.36701 5.58665 10.5199 6.77874 5.58084 5.54087 8.16329 9.20496 8.66368 9.80157 6.58297 7.60932 5.48642 5.20758 6.26263 9.15221 10.3374 8.87279 5.54404 9.07588
threshold=-0.018487289341639897 0.43271575482811164 75.086638997920829 5875.4532663602622 -26.628398617313525 57.093715003193019 0.10500348283795742 0.05941445325523264 0.055325529698613964 0.74029924411737802 1.0031787116280293 3.5615110694184526 -24.681720854445505 0.47455958925495179 0.99965000398178894 0.40376430503998867 34.823987802827027 -0.31877286973714386 0.31254763486014386 -0.28006544413214518 0.6478908729953734 3.0561487306138391 120.94222684916886 1.0010191236953836 1.5778215123738792 122.55739870823139 1.0005761462807143 0.0053574593018193258 0.021367675104802437 0.7095544399539736 -0.74725487617092834 0.15171910805811301 55.744160861215796 0.029283950750128688 48.971499293625051 -54.99077400445632 0.21983636149116523 0.18833287167285331 62.361536133227645 0.99896639136184417 1.4628682717807149 0.19433517449543028 184.18788214389846 87.763805191441335 1.00086510390751 -0.50328122561520672 1.0030174360348687 0.16376487714133917 108.24937670069092 1.9922759863842965 59.853068231168024 0.99782511869922219 76.534092655020416 0.062596436391459634 42.37200706738799 0.061708683810814048 0.99981522953160806 1.0013378784881433 59.664715932033808 -0.069953162416952472 0.99934935702612659 20.207085967900479
decision_type=2 2 2 2 2 2 2 2 2 2 2 2 2 2 2 2 2 2 2 2 2 2 2 2 2 2 2 2 2 2 2 2 2 2 2 2 2 2 2 2 2 2 2 2 2 2 2 2 2 2 2 2 2 2 2 2 2 2 2 2 2 2
left_child=1 16 4 15 5 -2 7 8 9 10 12 21 -6 22 17 55 -1 -8 -19 -4 -21 24 23 37 40 -26 31 -28 38 30 -30 32 33 39 36 -36 -24 -9 -29 -14 -11 42 -42 -33 45 -45 -17 52 50 -50 51 -49 -16 -54 -35 -3 60 59 -59 -58 61 -57
right_child=2 3 19 -5 6 -7 14 13 -10 11 -12 -13 26 -15 47 46 -18 18 -20 20 -22 -23 34 -25 25 -27 27 28 29 -31 -32 43 -34 54 35 -37 -38 -39 -40 -41 41 -43 -44 44 -46 -47 -48 48 49 -51 -52 -53 53 -55 -56 56 57 58 -60 -61 -62 -63
leaf_value=0.016656773977673161 0.00083183252634884571 0.0090522337331878661 -0.016375683680206289 0.012965244014137357 0.0075211403353506873 0.016584572463013311 -0.003805507454278339 -0.0098931206963035999 0.00845667766776384 0.0086850584864281797 -0.015580600859782618 -0.0052343405381552865 -0.017623270617716097 0.0045138926559430328 -0.0036121105798617454 0.012923933106633074 0.0044705185705119907 0.0014684364744897867 0.014039017136659606 0.0037484896538747723 -0.0077963650921573195 0.013827788934287186 -0.0086027013716569525 0.0027542791603164668 -0.0079703311014264182 0.0034559703082507223 0.0014621326477488573 -0.0076819049288124851 0.0018924087825337825 0.0041457290947457528 -0.015164857646361975 -0.0025063073323491275 0.0069261750396037878 0.0071314491199751832 -0.013832405082064287 3.2623965437991829e-05 -0.021648980219013826 -0.00029590133195443464 -0.021317895461957725 -0.0060335706119147015 -0.0078678646881537827 0.0085625752020517792 0.0043078744651085061 0.017364676841573064 -0.0050791006125873043 0.0043224297828551835 0.00041797058794340066 -0.0028572219744742843 0.010962429461019978 -0.0062229413519681491 0.0013836737815146605 -0.020836484557852503 0.00092514307077455713 0.013062716339307067 -0.0063373781074395723 -0.0040115852268653388 -0.013569810029569099 0.012400066742869279 -0.00074509918506897603 -0.0027716461893575951 -0.00030039874375598535 0.0040301283059640362
leaf_weight=54.16121032834053 93.996377170085907 62.155207753181458 56.554068952798843 62.231868252158165 73.766798943281174 50.15783816576004 59.814740762114525 149.99110953509808 88.613144770264626 164.20109604299068 53.661210492253304 164.81429885327816 64.374478101730347 75.814815729856491 107.07411803305149 80.142617747187614 376.95679859817028 101.0637304931879 119.98141178488731 83.746462270617485 185.72008210420609 50.920852601528168 84.847442120313644 134.04336266219616 130.57740515470505 152.54905244708061 109.30373202264309 59.659321621060371 59.438310489058495 56.419149577617645 90.071628719568253 171.08346006274223 50.381953656673431 50.416608572006226 64.170893728733063 102.13780838251114 59.164535507559776 94.090591847896576 55.870008185505867 103.17306569218636 84.640281617641449 82.897812634706497 70.667761519551277 55.602637723088264 69.17204874753952 103.51008556783199 54.40248666703701 51.076657205820084 59.163272470235825 52.96327531337738 61.93319196999073 59.675531357526779 121.36448362469673 75.86468967795372 58.902034595608711 148.57887397706509 84.385205075144768 65.160136446356773 305.92488233745098 369.09315326809883 1097.843713670969 828.55494882166386
leaf_count=218 377 250 227 250 296 201 240 601 355 658 215 660 258 304 429 322 1513 405 482 336 745 204 340 537 523 611 438 239 238 226 361 686 202 202 257 409 237 377 224 414 339 332 283 223 277 415 218 205 237 212 248 239 486 304 236 595 338 261 1225 1478 4400 3325
internal_value=7.71962e-05 0.00163017 -0.00119511 0.00103095 -0.000781724 0.00634142 -0.00104534 -0.00178567 -0.000756399 -0.0011316 -0.00278926 0.00122821 -0.00222807 -0.00484468 0.0015372 0.000789705 0.00601194 0.00571744 0.00830847 -0.00632334 -0.0041972 0.00267908 -0.00588015 -0.00302273 0.00184469 -0.00180418 -0.00285264 -0.00582488 -0.00831166 -0.00492385 -0.00836688 -0.0010859 -0.00434819 -0.0064124 -0.00935015 -0.00530432 -0.0139946 -0.00620743 -0.014315 -0.0105123 0.00441924 0.0014637 -0.00230919 0.00158017 0.00465559 0.00890699 0.00789357 -0.00045126 -0.00346227 0.00281983 -0.00755794 -0.0125819 0.00235724 0.00561335 -9.74384e-05 0.000465719 0.000280316 -0.00192989 0.00155774 -0.00479018 0.00116011 0.00280398
internal_weight=7968.69 3589.59 4379.1 3158.47 4053.08 144.154 3908.92 3038.95 2274.69 2186.08 1284.81 901.269 1231.15 764.261 869.975 3096.24 431.118 280.86 221.045 326.021 269.467 736.454 688.446 378.125 685.533 283.126 1157.38 430.762 321.458 205.929 149.51 726.616 327.248 276.866 310.321 166.309 144.012 244.082 115.529 167.548 402.407 238.206 155.308 399.368 228.285 159.113 134.545 589.115 284.812 112.127 172.685 110.752 304.303 197.229 109.319 2961.7 2899.54 824.563 371.085 453.478 2074.98 977.134
internal_count=31943 14393 17550 12662 16242 578 15664 12177 9115 8760 5150 3610 4935 3062 3487 12412 1731 1127 887 1308 1081 2950 2758 1515 2746 1134 4639 1726 1288 825 599 2913 1312 1110 1243 666 577 978 463 672 1612 954 622 1601 915 638 540 2360 1141 449 692 444 1219 790 438 11872 11622 3302 1486 1816 8320 3920
is_linear=0
shrinkage=0.03


Tree=24
num_leaves=63
num_cat=0
split_feature=0 8 22 24 16 15 13 22 16 14 22 15 18 16 14 8 13 3 3 21 18 24 14 20 15 11 12 24 24 11 3 13 8 12 12 1 11 8 6 18 20 15 22 16 21 12 14 21 14 24 20 24 13 24 21 1 24 1 12 6 16 12
split_gain=16.2654 11.6845 11.2752 10.345 9.97974 9.85211 9.55101 9.48915 8.24787 8.03149 7.48609 9.48175 10.9485 8.16446 9.14153 8.13413 12.7608 8.57091 9.63637 8.32213 9.84195 7.49907 7.35092 7.21223 6.59698 7.20713 8.78179 6.12843 7.0067 6.04094 5.53272 5.48398 7.73689 7.58565 7.40895 7.01426 5.88661 5.48169 8.56423 11.6476 7.28933 5.47418 6.40485 6.14468 5.37368 5.26415 6.49946 10.2055 8.18423 6.58507 6.87118 5.60655 5.19531 5.14611 7.82254 5.78776 7.00667 5.13483 5.00981 7.84512 7.55452 6.68734
threshold=-0.018408823068577131 -0.32925398147755075 -24.681720854445505 -26.628398617313525 0.46318980368881246 0.43271575482811164 0.10972689030854856 5875.4532663602622 -0.782387372328888 57.789073581340283 -9.477105763194114 0.34015962206258571 0.043626298104463036 -0.41430610830143844 47.355789917084103 0.093688541650871496 0.031963158726233662 0.23214773552225504 0.19489324484552736 29.290079404794376 1.1344984611787277 38.65756221132073 34.823987802827027 0.066399240262931133 0.41897340889382201 0.99989021452525129 1.0026884679976458 1741.2720862004812 713.46221437625888 1.0004278352780764 0.24806081647307238 -0.070349353254558225 -0.01015079820363418 0.99709133964107077 0.99414284587231549 0.047784391850635141 1.0005793084614134 -0.10250695467036162 0.33468914368969266 5.6272945702355477 0.04985447823636014 0.72691610596693212 179.7906073441354 -0.1352977158182562 -90.614331087868308 0.99728378156493702 40.782395830499659 100.17403982512519 35.985780286320605 113.71382887487405 0.39812440008613798 261.00442661733621 -0.20469799253160723 43.391294260861564 -76.041168393515335 0.014273665623439107 161.20332957490038 0.025200856333694937 1.0043894350182216 0.11035080469958826 0.87559068893312164 1.0015369501289235
decision_type=2 2 2 2 2 2 2 2 2 2 2 2 2 2 2 2 2 2 2 2 2 2 2 2 2 2 2 2 2 2 2 2 2 2 2 2 2 2 2 2 2 2 2 2 2 2 2 2 2 2 2 2 2 2 2 2 2 2 2 2 2 2
left_child=5 4 8 9 -2 22 10 37 -3 -4 21 29 13 53 -15 17 19 18 41 20 -17 -5 -1 -10 -8 26 -26 28 58 -12 -19 33 -33 34 -32 -35 -36 38 40 -40 -7 42 -14 -43 -39 51 48 49 -47 -48 -51 -42 -6 54 -13 -55 -57 -21 61 -60 -61 -27
right_child=1 2 3 6 52 7 24 -9 23 -11 11 12 15 14 -16 16 -18 30 -20 57 -22 -23 -24 -25 25 27 -28 -29 -30 -31 31 32 -34 35 36 -37 -38 44 39 -41 45 43 -44 -45 -46 46 47 -49 -50 50 -52 -53 -54 55 -56 56 -58 -59 59 60 -62 -63
leaf_value=0.016178533227399327 0.010857769631594294 0.015633581426224626 0.00061807898149422909 0.00056656121261641431 -0.0068694327784586413 0.0084821114347322941 -0.011117669860239288 0.01258662945273907 -0.0050897387447711101 0.015480496519090633 0.01355515993974375 0.001138670085976237 0.0079519949011642166 -0.0029440159944159393 -0.018767332628315942 0.012039974152045923 0.013374087483519431 0.010729183294822567 -0.010003417982187856 0.0037956617537256401 -0.0026934506106900641 -0.013965057943670475 0.0043289418258233361 0.0082469512181759363 -0.0054832020507782934 -0.010253886515491605 0.011110643842856684 0.0042050001976337899 -0.013755349276774581 0.00047841663124399242 -0.005795439406953205 0.0079597326472331219 -0.0036708848039430936 0.00073237666736344876 0.013634512327610393 -0.011782393011961417 -5.9706089880085044e-05 0.0085640647627672119 0.016592681194331105 -0.00068717845824653684 7.0977683446956535e-05 -0.011877858197078249 -0.004354659265700416 -0.0018884506671204995 -0.00021982096580460433 0.0008745684871708843 0.011023728436716815 -0.008873534545211741 0.016380346024215404 0.0052441386109530249 -0.0091515347157840009 -0.013195947378563317 0.005531297095409767 0.0057124287881027656 -0.014042448304284217 0.0022154237531021885 -0.0077070521656706836 -0.0074711114015861106 -0.017022076591860363 0.0022945242194698946 -0.011352307115108739 -0.0012199129159049815
leaf_weight=54.09334497153759 130.84647460281849 52.473560631275177 90.2859216183424 52.605489701032639 64.890631303191185 108.97127048671246 122.30483877658844 62.184458211064339 70.853675320744514 51.639331161975861 64.491653561592102 49.858268991112709 97.067878901958466 62.626132935285568 70.352873951196671 92.575319424271584 92.406905338168144 52.189097747206688 156.05331674218178 52.703357815742493 72.361641824245453 79.820431932806969 377.38262221217155 74.797958061099052 53.66228686273098 89.583182752132416 61.164944842457771 64.638320997357368 80.860726252198219 63.601630285382271 62.610600724816322 154.57114510238171 76.67334346473217 68.883069887757301 58.540885969996452 95.580824315547943 53.674958825111389 64.372319757938385 85.531576856970787 58.941095963120461 65.289699107408524 64.865587309002876 62.150035828351974 387.05503687262535 2254.4240373522043 76.27968193590641 62.855492234230042 96.83662448823452 51.613243490457535 69.35592857003212 52.137987777590752 50.393783167004585 56.894588753581047 86.257215157151222 77.329860910773277 115.52812370657921 142.54331040382385 115.35249447822571 64.759099617600441 73.58007974922657 71.745095252990723 421.82371285557747
leaf_count=218 526 211 362 211 260 437 490 250 284 207 259 200 389 251 282 371 370 209 625 211 290 320 1515 300 215 359 245 259 324 255 251 619 307 276 235 383 215 258 344 236 262 260 249 1551 9037 306 252 388 207 278 209 202 228 346 310 463 571 462 260 295 288 1690
internal_value=7.49383e-05 -0.00115231 -0.00153652 -0.00188948 0.00510657 0.00157182 -0.00218832 0.000989833 0.00544057 0.00605397 -0.00121941 -0.000856474 -0.00127869 -0.00477539 -0.0113457 -0.00011245 0.00351515 -0.00122505 -0.00334845 0.000767059 0.00556019 -0.00817374 0.00582486 0.00173956 -0.00453737 -0.00371356 0.0033317 -0.0046504 -0.00536797 0.00709106 0.00138627 0.000524646 0.0040905 -0.00189733 0.00244042 -0.00652529 0.00706338 0.000755614 0.00293414 0.0095266 0.00142526 -0.00164285 0.0031296 -0.00333121 2.30944e-05 -3.57798e-05 0.00155651 -0.000984718 0.00716352 0.00314549 -0.000911404 -0.00568883 -0.00105177 -0.00291403 -0.0080716 -0.000998421 -0.0032544 -0.00391978 -0.00442203 -0.0083288 -0.00442528 -0.00280996
internal_weight=7967.8 4377.13 4124.5 3926.38 252.632 3590.66 3784.45 3159.19 198.125 141.925 2680.33 2547.9 2419.81 604.496 132.979 1815.32 425.4 1389.92 767.192 332.993 164.937 132.426 431.476 145.652 1104.12 981.817 114.827 866.99 802.352 128.093 622.724 570.535 231.244 339.29 174.826 164.464 112.216 3097 778.206 144.473 633.734 611.139 159.218 451.921 2318.8 524.762 409.079 281.186 127.893 184.349 121.494 115.683 121.785 471.517 127.188 344.329 258.071 168.056 721.491 210.084 145.325 511.407
internal_count=31943 17544 16530 15735 1014 14399 15166 12666 795 569 10741 10210 9696 2423 533 7273 1704 5569 3074 1334 661 531 1733 584 4425 3935 460 3475 3216 514 2495 2286 926 1360 701 659 450 12416 3121 580 2541 2449 638 1811 9295 2104 1640 1127 513 739 487 464 488 1890 510 1380 1034 673 2892 843 583 2049
is_linear=0
shrinkage=0.03


Tree=25
num_leaves=63
num_cat=0
split_feature=0 17 21 3 3 22 3 8 11 23 0 21 16 11 16 22 4 9 9 21 22 21 11 4 3 9 12 19 17 21 9 6 8 4 9 14 6 12 13 23 11 16 14 3 4 13 19 2 16 19 8 8 23 3 21 2 12 17 16 5 6 12
split_gain=14.4987 11.9663 16.617 11.399 10.0627 9.18918 10.4034 8.86134 8.79549 9.71731 14.5765 8.71765 7.28483 9.6473 7.62444 7.37014 6.96888 7.92619 8.22031 9.71687 7.528 9.27931 7.09219 6.62686 5.92347 5.86231 8.37816 12.1 8.79315 7.67213 8.19119 7.0107 7.14469 5.77968 8.98928 5.69134 5.66083 12.4275 5.62433 5.51358 5.44457 5.36347 5.22142 6.75584 7.19904 9.27572 7.41767 5.8845 5.24047 7.95805 5.11642 12.478 7.87438 7.08188 4.99379 4.98919 6.91278 4.97689 4.90108 6.68133 7.60886 6.61551
threshold=0.0016269340659123316 0.73682109673399354 61.298591670864077 0.20166701120667138 0.29530453420602265 3700.7737769660075 0.28469969519175292 0.040220980737348817 1.0056766572312286 154.62231673051255 0.20301795390735525 -47.296383216812636 -0.70796645899257682 1.0017726918413119 -0.5617784113734472 5.5330770316045834 0.096561286979283859 -0.10250695467036162 0.10133599709706288 554.13226510392576 841.77972063857226 900.18092529946159 0.99472986882377523 0.3790379438859181 0.1760637974882881 0.15771932296114735 1.0036670064330437 0.30390532479230831 -0.65228482031551405 78.924571331713167 0.19034456262878588 0.073711097636902659 -0.030125928668217613 0.22292711702637177 -0.066311800093521431 45.992296442260638 0.069375123384402007 0.99941788313392277 0.024824107853544618 185.34242572144319 0.99890357188252377 3.2227257077913061 80.719550597251626 0.15736448882828372 0.11346433661276671 -0.0090818401163780867 0.00084908788717903813 0.25269984637000958 -0.20697271216690896 0.015065750739136225 -0.01159845789393543 -0.030125928668217613 7.8691639270427034 0.15492339841605687 2420.2912444907138 0.0066057711319755181 0.99859404027595244 -0.36594981711346952 -0.41430610830143844 -0.064701676145495476 0.047369852164114164 0.99987316409340765
decision_type=2 2 2 2 2 2 2 2 2 2 2 2 2 2 2 2 2 2 2 2 2 2 2 2 2 2 2 2 2 2 2 2 2 2 2 2 2 2 2 2 2 2 2 2 2 2 2 2 2 2 2 2 2 2 2 2 2 2 2 2 2 2
left_child=5 12 3 7 33 16 -7 35 9 -6 -11 -12 13 36 15 -14 38 20 22 25 21 -18 -19 50 -17 31 27 29 -28 30 -27 -20 -33 -5 -35 -3 37 -2 -1 -38 -21 -25 43 44 -16 46 -46 -45 -47 -50 51 52 -4 -52 58 -54 -57 -32 59 -24 61 -61
right_child=1 2 23 4 8 6 -8 -9 -10 10 11 -13 14 -15 42 24 17 18 19 40 -22 -23 54 41 -26 26 28 -29 -30 -31 57 32 -34 34 -36 -37 39 -39 -40 -41 -42 -43 -44 47 45 48 -48 -49 49 -51 53 -53 55 -55 -56 56 -58 -59 -60 60 -62 -63
leaf_value=0.010267691150048074 0.015716893239687831 0.012291712090836121 0.006448390979946283 -0.011506441309272204 -0.00086481283781355449 0.00064745484925037022 0.01818738176885706 0.019584679717262944 -0.0071105020072412895 0.022709243199436072 -0.0049971543908782778 0.010506965638616611 -0.018092231353881265 -0.0096314642359336938 0.0010585479157799523 -0.00018006117625812411 0.0028762733561319663 -0.010814943488829363 0.0010236226172055335 -0.00037919120145817211 -0.0060594630790619516 0.015596174054947528 0.0040014149252000147 0.0040619271996534326 -0.010907817221633427 -0.0059282170152480272 -0.011906175369686793 -0.0072773150543919939 0.0032862069855972014 0.013442443486002797 0.0015693808837104097 0.017275684840873287 0.004785982720988141 0.0092546312889075985 -0.0076100097706702386 0.00075162751088816797 -0.0065557913125405031 0.00066245788393189738 -0.00065320437324520504 0.0056359374061726109 -0.013695901382621179 -0.0066667578003321744 -0.012027490738511632 -0.00044388991269142677 0.003266945432651019 -0.016763203795391535 -0.0098175519772077131 -0.0089753958437531322 -1.7770052294787527e-05 -0.0152524719110072 0.0028930469218626633 0.012591271701186232 0 -0.0077984017710002861 0.0076758605824425617 0.00043909158918347101 -0.012675012320906287 0.010781375979051593 -0.0026399203349610359 0.0066269067609573953 -0.0120280442122725 -0.0042196416775730373
leaf_weight=122.34612601995468 70.950887069106102 68.87235589325428 60.92839515209198 65.168656319379807 111.59924414753914 63.08999291062355 59.383354648947716 58.154772028326988 51.885288447141647 58.805820181965828 50.81806705892086 89.95937517285347 58.112690478563309 71.824995204806328 114.93042619526386 89.059906303882599 834.28943409025669 70.843624889850616 124.99752551317215 62.020887702703476 77.544412478804588 55.084446772933006 289.5947552472353 213.55253392457962 97.766645386815071 67.592353478074074 77.60184808075428 80.485344007611275 60.871115922927856 85.215762183070183 110.1436123251915 75.71872866153717 92.524868294596672 49.888025850057602 65.868796184659004 88.335332080721855 95.024041399359703 163.11444716155529 64.176829129457474 51.12684690952301 50.44911003112793 51.926119163632393 55.901013731956482 859.68689195811749 96.364810153841972 96.240751653909683 65.15999074280262 79.505417630076408 64.620481640100479 59.665317997336388 66.89702607691288 51.923922479152679 94.146124944090843 322.56305727362633 55.90153481066227 51.932768434286118 115.88098810613155 102.90932886302471 1049.6698859483004 84.271901980042458 59.403039917349815 126.32920724153519
leaf_count=493 285 276 244 261 448 253 239 233 208 236 204 361 233 288 461 357 3347 284 501 249 311 221 1161 856 392 271 311 323 244 342 442 304 371 200 264 354 381 654 258 205 202 208 225 3445 386 386 261 319 259 239 268 208 377 1292 224 208 464 413 4206 338 238 506
internal_value=-0.00017987 -0.00146277 0.00035573 0.00372374 0.00140391 0.0010945 0.00918437 0.00956621 0.00428802 0.00619988 0.0101637 0.00488939 -0.00295034 0.000436096 -0.00383333 -0.00874457 0.000838135 0.000551441 -0.000275186 0.00190408 0.00288528 0.00366913 -0.00152039 -0.00212511 -0.00581279 0.00296998 0.00122742 0.00323154 -0.00520858 0.00555292 0.00314271 0.00643338 0.0104318 -0.0043663 -0.000314202 0.00583099 0.00234784 0.0052434 0.00649573 -0.0022694 -0.00638599 0.00195044 -0.00302456 -0.00267123 -0.00550107 -0.00748197 -0.00199566 -0.00117018 -0.0114841 -0.00736192 -0.00354479 -0.00103253 -0.0032359 -0.00595397 -0.00112254 -0.00550138 -0.00860092 0.00603603 -0.00143049 0.000832809 -0.00255482 0.000107445
internal_weight=7980.62 3978.16 1789.11 759.356 543.993 4002.46 122.473 215.362 363.068 311.183 199.583 140.777 2189.06 452.041 1737.01 244.939 3879.99 3693.46 2726.54 990.53 966.918 889.374 1736.01 1029.75 186.827 878.06 584.819 446.346 138.473 365.861 280.645 293.241 168.244 180.925 115.757 157.208 380.216 234.065 186.523 146.151 112.47 265.479 1492.08 1436.17 496.982 382.051 161.525 939.192 220.527 124.286 764.272 374.812 322.888 389.46 1665.17 261.96 167.814 213.053 1609.27 559.599 270.004 210.601
internal_count=31998 15946 7170 3045 2182 16052 492 863 1457 1249 801 565 8776 1813 6963 982 15560 14809 10930 3973 3879 3568 6957 4125 749 3522 2346 1791 555 1468 1126 1176 675 725 464 630 1525 939 751 586 451 1064 5981 5756 1992 1531 647 3764 884 498 3061 1501 1293 1560 6673 1049 672 855 6449 2243 1082 844
is_linear=0
shrinkage=0.03


end of trees

feature_importances:
atr_pct=124
energy_lag2=100
sma7_to_21=86
sma7_ratio=83
return_lag2=80
vol_z=80
smoothed_energy=76
return_lag1=74
rsi_14=72
candle_range_pct=70
energy_lag1=70
vol_ratio=68
whale_score=68
upper_wick_pct=67
dbs=64
return_lag3=61
abs_return=56
lower_wick_pct=50
sma12_slope=49
delta_e=48
oi_intensity=41
fr_score=39
ret_z=37
body_pct=30
return=19

parameters:
[boosting: gbdt]
[objective: binary]
[metric: binary_logloss]
[tree_learner: serial]
[device_type: cpu]
[data_sample_strategy: bagging]
[data: ]
[valid: ]
[num_iterations: 2000]
[learning_rate: 0.03]
[num_leaves: 63]
[num_threads: 0]
[seed: 42]
[deterministic: 0]
[force_col_wise: 0]
[force_row_wise: 0]
[histogram_pool_size: -1]
[max_depth: -1]
[min_data_in_leaf: 200]
[min_sum_hessian_in_leaf: 0.001]
[bagging_fraction: 0.8]
[pos_bagging_fraction: 1]
[neg_bagging_fraction: 1]
[bagging_freq: 5]
[bagging_seed: 400]
[bagging_by_query: 0]
[feature_fraction: 0.7]
[feature_fraction_bynode: 1]
[feature_fraction_seed: 30056]
[extra_trees: 0]
[extra_seed: 12879]
[early_stopping_round: 0]
[early_stopping_min_delta: 0]
[first_metric_only: 0]
[max_delta_step: 0]
[lambda_l1: 0.1]
[lambda_l2: 0.1]
[linear_lambda: 0]
[min_gain_to_split: 0]
[drop_rate: 0.1]
[max_drop: 50]
[skip_drop: 0.5]
[xgboost_dart_mode: 0]
[uniform_drop: 0]
[drop_seed: 17869]
[top_rate: 0.2]
[other_rate: 0.1]
[min_data_per_group: 100]
[max_cat_threshold: 32]
[cat_l2: 10]
[cat_smooth: 10]
[max_cat_to_onehot: 4]
[top_k: 20]
[monotone_constraints: ]
[monotone_constraints_method: basic]
[monotone_penalty: 0]
[feature_contri: ]
[forcedsplits_filename: ]
[refit_decay_rate: 0.9]
[cegb_tradeoff: 1]
[cegb_penalty_split: 0]
[cegb_penalty_feature_lazy: ]
[cegb_penalty_feature_coupled: ]
[path_smooth: 0]
[interaction_constraints: ]
[verbosity: -1]
[saved_feature_importance_type: 0]
[use_quantized_grad: 0]
[num_grad_quant_bins: 4]
[quant_train_renew_leaf: 0]
[stochastic_rounding: 1]
[linear_tree: 0]
[max_bin: 255]
[max_bin_by_feature: ]
[min_data_in_bin: 3]
[bin_construct_sample_cnt: 200000]
[data_random_seed: 175]
[is_enable_sparse: 1]
[enable_bundle: 1]
[use_missing: 1]
[zero_as_missing: 0]
[feature_pre_filter: 1]
[pre_partition: 0]
[two_round: 0]
[header: 0]
[label_column: ]
[weight_column: ]
[group_column: ]
[ignore_column: ]
[categorical_feature: ]
[forcedbins_filename: ]
[precise_float_parser: 0]
[parser_config_file: ]
[objective_seed: 16083]
[num_class: 1]
[is_unbalance: 0]
[scale_pos_weight: 1]
[sigmoid: 1]
[boost_from_average: 1]
[reg_sqrt: 0]
[alpha: 0.9]
[fair_c: 1]
[poisson_max_delta_step: 0.7]
[tweedie_variance_power: 1.5]
[lambdarank_truncation_level: 30]
[lambdarank_norm: 1]
[label_gain: ]
[lambdarank_position_bias_regularization: 0]
[eval_at: ]
[multi_error_top_k: 1]
[auc_mu_weights: ]
[num_machines: 1]
[local_listen_port: 12400]
[time_out: 120]
[machine_list_filename: ]
[machines: ]
[gpu_platform_id: -1]
[gpu_device_id: -1]
[gpu_device_id_list: ]
[gpu_use_dp: 0]
[num_gpu: 1]

end of parameters

pandas_categorical:[]
